Product Id,Product Name,Product Brand,Product Category,Product Price,Product Rating,Product Reviews Count,Price Range
b77f3da33be6e65f6183da6ada8c07ca,ETUDE HOUSE Face Color Shading - 02,Etude House,Makeup > Face > Contour,600,4.6,4,Medium
f54658c5d511195b6621a640fb743b1b,L'Oreal Paris Glow Mon Amour Highlighting Drops - 02 Loving Peach,L'Oreal Paris,Brand > L'Oreal Paris,454,4.3,147,Low
cdf6b3387f8976c8e38ad150173dbb6d,The Body Shop All-In-One Face Base - 045,The Body Shop,Makeup > Face > Foundation,1395,4.4,58,Medium
424755c11c78b2b24ff13c675baf5d19,True Elements Sunflower Raw Seeds,True Elements,Health & Wellness > Good For You > Super Food,175,5,0,Low
f7f76573099db0058ef5264c35d9d02e,Nykaa Wonderpuff Cushion Liquid Lipstick - Werk It,Nykaa Cosmetics,Makeup > Lips > Lip Stain,539,4,934,Medium
ee007f19f85ce1d73de2aa745ea1bc20,HealthVit Activated Charcoal Powder,Healthvit,Natural > Shop By Concern > Acne Treatment,249,4.2,442,Low
e22a7ea6c594e3e52a4dbe1eb04fd7a3,NIVEA Body Lotion Oil in Lotion Rose & Argan Oil - For Dry Skin,Nivea,Brand > Nivea,260,4.5,1220,Low
20532c740b21fcecfeecebc2ad1c5a8d,Lotus Herbals Whiteglow Activated Charcoal Brightening Face Wash,Lotus Herbals,Natural > Skin > Face Wash,140,4.2,8,Low
1ed2ff0473b80cd83ee7cfb130f8d28d,Floret Pack of 2 Full-Coverage Maternity Bras - Multi-Color (30B),Floret,Mom & Baby > Maternity Wear > Maternity Bra,758,5,0,Medium
df491bbe99958f73ae08f65febbe183e,Himalaya Anti-Hair Fall Shampoo With Bhringaraja,Himalaya,Nan,71,4.2,647,Low
3cef574c3a1f4f9c4a01ca889e46a5c9,Smashbox Color Correcting Stick - Look Less Tired - Dark,Smashbox,Makeup > Face > Concealer,2090,4.1,13,High
7394201eb0856dc34ef00dfc86a8366a,NIVEA Creme - All Season Multi Purpose Cream,Nivea,Personal Care > Face > Moisturizer,175,4.5,1177,Low
18901030728867890103000000300000000000VHWF1R8IN,Vaseline Ice Cool Hydration Lotion,Vaseline,Skin > Body Care > Lotions & Creams,210,4.3,136,Low
50deebf5cbb1c8229d791e5058dc7af9,Lime Crime Velvetines Liquid Matte Lipstick - Red Velvet,Lime Crime,Makeup > Lips > Liquid Lipstick,1900,4.6,65,High
7ecdae7a98a91d96aca3d9e635aa56e0,Maybelline New York Alia Loves New York Baby Lips SPF 20 - Manhattan Mauve,Maybelline New York,Makeup > Lips > Lip Balm,175,4.3,3058,Low
c2ee6827e3dc67d5fbc18df2ae789570,Bobbi Brown Crushed Liquid Lip Color - Big Apple,Bobbi Brown,Nfba 2020 Nominees Online Sale,1800,4.1,522,High
1ff3464e6463e34e4e8d3ed1d7ff5fc0,The Body Care Herbal Shampoo With Conditioner,The Body Care,Natural > Combos @ Nykaa,161,4.1,6,Low
95468730643c0fdffaa81253771485da,Cadiveu Brasil Cacau Brazilian Thermal Reconstruction,Cadiveu,Hair > Shop By Concern > Dry & Frizzy Hair,7000,4.3,2,High
fc88b7f0ba8982b274d4daf71c55cb44,Street Wear Foundation - Deep,Street Wear,Makeup > Face > Foundation,320,3.7,14,Low
c545b5953dd5220a0a448dca87fa543f,Versace Eros Pour Femme Eau De Toilette,Versace,Nykaa Luxe > Fragrance > Perfumes (Edp/Edt),3273,5,3,High
bf40f148fa9ab906ac330f0b5e658d6d,MyGlamm Twin Faced Concealer - Toffee Dusky,Myglamm,Makeup > Face > Concealer,795,4.8,1,Medium
9a3b2ad0ace72c6923865801bcaac3eb,L'Occitane Pivoine Flora Hand Cream,L'Occitane,Personal Care > Hands & Feet > Hand Creams,750,3.8,6,Medium
7c652df00c632ba7e49472640768ce2c,Red Hunt Fairness Face Wash For Men,Red Hunt,Men'S Store > Shop By Concern > Anti Acne,80,5,2,Low
5be896155cd4045dbaac2c008f007d57,Himalaya Gentle Baby Wipes 12's,Himalaya,Mom & Baby > Baby Care > Wipes & Buds,44,4.5,80,Low
8c947cc01872351e5dc10b2c10011566,Beeone Diamond Facial Kit 312gm,Beeone,Skin > Shop By Concern > Skin Brightening,835,2.7,0,Medium
562360a77dac7186e553a5d151950e6b,Garnier Ultra Blends Soy Milk & Almonds Conditioner,Garnier,Personal Care > Bath & Shower > Conditioner,80,4.3,197,Low
7d28fe12edafeaacbf663861d012d5d0,Burberry My Burberry Eau De Toilette,Burberry,Fragrance > Women > Perfumes (Edt & Edp),3680,5,1,High
2e364e9a674c447aea135b4c6c50bb21,Biotique Natural Makeup Starstruck Matte Blush - Coral Cache,Biotique Natural Makeup,Makeup > Face > Blush,450,4.2,82,Low
a33f156a70a0f02abd87453222cabc44,O3+ Purifying Sulfur Cooling Facial Mask,O3+,Skin > Shop By Concern > Pore Care,4000,4,11,High
7ac4cd7a405d96941a706817accfdab5,Jiva Ayurveda Jiva Hair Conditioner,Jiva Ayurveda,Natural > Hair > Conditioner,95,5,0,Low
e9eb77b98a74b6534cd0467fb5a2e23e,NIVEA Soft - Light Moisturising Cream,Nivea,Skin > Moisturizers > Face Moisturizer & Day Cream,185,4.5,2679,Low
807752186eed0463ee9eedd9b9cd652c,Provoc Contour Correct Conceal Palette - Profile 1,Provoc,Makeup > Makeup Kits > Face Palettes,1850,3.9,13,High
d0182db073cb11a024b755e782c0b98a,Allin Exporters Rosehip Carrier Oil,Allin Exporters,Natural > Types Of Skin > Oily Skin,346,4,1,Low
fbe59721a5e29ad76fc386eb1e4270ef,Biotique Bio Papaya Revitalizing Tan removal Scrub,Biotique,Brand > Biotique,49,4.4,8513,Low
70829202122cf08e51668371702ccb00,Stars Cosmetics Foundation Palette Refills - FS27,Stars Cosmetics,Makeup > Makeup Kits > Customize Your Palette,150,4.1,27,Low
6fd21bf8e43c3487881a9ffb6b308fa3,Nykaa Pout Perfect Lip & Cheek Velvet Matte Crayon Lipstick - Brick Me Red 04,Nykaa Cosmetics,Makeup > Face > Blush,299,4,714,Low
578e2805601e2928d50841260ec98b86,PAC Take Cover Concealer - 05 Caramel Touch,Pac,Makeup > Eyes > Under Eye Concealer,495,4.4,102,Low
df7cd5233a173a8eddcfb88aa33afd2f,Kiko Milano Flawless Fusion Bronzer Powder - 05 Biscuit,Kiko Milano,Makeup > Face > Bronzer,1290,3.9,37,Medium
5457427ba0cc43f66292d7b8e50f0b7a,Cinthol Shave + Face Wash - Cool Wave,Cinthol,Men'S Store > Skin Care > Facewash,60,4.3,4,Low
084de4e4ad20c8b5c2e960c2238e9e91,M.A.C Eye Shadow X 9 - Amber Times Nine,M.A.C,Nykaa Luxe > Makeup > Palettes > Eye Palette,3700,4.5,140,High
426643704ebc835a683b76c78d05ea4c,Guerlain Parure Gold Precious Light Concealer - 02 Precious Light,Guerlain,Makeup > Eyes > Under Eye Concealer,3250,4.5,1,High
e8549b26275b5c59018c8025895178e5,LYN Lacquers - Stripped,Lyn,Makeup > Nails > Nail Polish,350,3.5,20,Low
68b40c118f9d5239dd037961763290fe,Disney Frozen Nail Polish - Golden Gloss,Disney,Mom & Baby > Kids Care > Kids Makeup,100,4.1,44,Low
358d0b4438ed8ca34e7740ee5a470a41,DIOR Diorshow High Intensity Khol Pencil - 099 Black khol,Dior,Makeup > Eyes > Kajal,2100,5,1,High
d3a6c39968b2db27b2b40aad317e3b8c,VLCC Insta Fair & Glow Mulberry & Licorice Fairness Cream with SPF 15,Vlcc,Nan,50,4,301,Low
d39a482011e096e8af8d02c39a770801,Olivia Shiner Bleach,Olivia,Skin > Kits & Combos > Facial Kits,80,4.2,19,Low
d5241c006a698a3cf8d8cc56425b6242,Huda Beauty Tantour - Rich,Huda Beauty,Nykaa Luxe > Makeup > Face > Bronzer,2125,4.8,40,High
bf4e09e8355ae921ddb8fb910c200500,Colorbar All-Matte Eyeliner - Matte Brown 002,Colorbar,Makeup > Eyes > Eyeliner,599,4.3,549,Medium
9e050cb5bfcb8d805e791e455a8790f9,NIVEA Body Lotion Shea Smooth Milk - For Dry Skin,Nivea,Skin > Body Care > Lotions & Creams,275,4.5,212,Low
b3c24d8b5c415e270330cf0fb9d84a57,BBLUNT Mini Salon Secret High Shine Creme Hair Colour - Chocolate Dark Brown 3,Bblunt,Hair > Hair Styling > Hair Color,76,4.1,97,Low
0c9025686f0ac21006861a191e7d61a2,WOW Skin Science Coconut Milk Hair Conditioner,Wow,Hair > Shop By Hair Type > Curly & Wavy,239,4.1,45,Low
520b8553e7e604583c8bcead5621d60e,Maybelline New York Master Camo Color Correcting Palette - Light,Maybelline New York,Makeup > Makeup Kits > Face Palettes,900,4,187,Medium
0c8fde33a8dd668e9220f52d383ba806,Deborah BB Cream 5 In 1 Foundation SPF 20 - 01,Deborah,Makeup > Face > Concealer,695,4,72,Medium
397a6617c8aca4336e8682f129990624,AMAZON KERATIN Green Tea Clarifying Shampoo,Amazon Keratin,Personal Care > Bath & Shower > Shampoo,2100,4.1,6,High
48ec88e0fba1aec45ef083eecf257454,Huda Beauty #FauxFilter Full Coverage Matte Foundation - Dulce De Leche 350G,Huda Beauty,Makeup > Face > Foundation,3310,4.4,1191,High
4dc2511bbcf3b0e09194c32d1498f0f9,Aveda Botanical Repair Strengthening Shampoo,Aveda,Natural > Hair > Shampoo & Cleanser,750,4.9,10,Medium
5cebd943e5e148c6fff432051fc8f41a,Himalaya Natural Glow Kesar Face Wash,Himalaya,Men'S Store > Skin Care > Facewash,60,4.4,366,Low
18901030685191890103000000300000000000LCRP100IN,Lakme Cushion Matte Lipstick - Orange Blossom,Lakme,Makeup > Lips > Lipstick,275,4.3,67,Low
1beed8ce23582cb69a0708e1d1371d75,Charlotte Tilbury Hot Lips 2.0 - Patsy Red,Charlotte Tilbury,Makeup > Lips > Lipstick,3450,5,2,High
1a7edb4f3f0709b6776bd1a54084df85,Clinique Moisture Surge 72-Hour Auto-Replenishing Hydrator Mini,Clinique,Skin > Shop By Concern > Skin Dryness,890,4.4,4261,Medium
50dc13f9d2a0d8df99e6f778f016f939,PRADA Luna Rossa Carbon Eau De Parfum,Prada,Nykaa Luxe > Fragrance > Perfumes (Edp/Edt),2990,4.4,2,High
511b6c9bfcf9057394b3c8159378ae98,Biotique Bio Bhringraj Therapeutic Oil For Falling Hair,Biotique,Natural > Shop By Concern > Hairfall,159,4.2,2326,Low
11571904ebb951f6ad45843179998dd2,Garnier Skin Naturals Sakura White Face Serum Sheet Mask,Garnier,Skin > Masks > Masks & Peels,99,4.4,1157,Low
b726560784866c94019a9be23c22642b,Disguise Cosmetics Feather-Light Matte Liquid Lip Cream - 36 Curious Wine,Disguise Cosmetics,Natural > Makeup > Lipstick,700,4.5,105,Medium
3cd60a3c8eb928ff94a55e3ff5c929e0,Ponds Cold Cream Honey & Milk Protein Face Cream,Ponds,Skin > Moisturizers > Face Moisturizer & Day Cream,94,4.4,86,Low
5d676d28932916e7d159981b4d69eb43,Charlotte Tilbury Luxury Palette - The Sophisticate,Charlotte Tilbury,Makeup > Combos @ Nykaa,4900,4.6,21,High
f15b83e018c40838f16ddd69c412c349,"MyGlamm 5 in 1: Primer, Concealer, Foundation With SPF30 & Correctors For Light Skin",Myglamm,Makeup > Face > Concealer,1450,3.6,10,Medium
0323e186be66a116920f29b84e303edb,MESMARA Extra Virgin Olive Oil,Mesmara,Natural > Skin > Face Oils,299,4.6,1,Low
19c899cedd8a80e94a89cce607e9d56f,Swiss Beauty Professional Blusher - 08 Sunshine,Swiss Beauty,Makeup > Face > Blush,224,4.2,127,Low
2653440e1ec5b933c3b986823696bb55,LOreal Paris Colour Protect Conditioner 30 Wash UV Filter,L'Oreal Paris,Brand > L'Oreal Paris,85,4.5,181,Low
2101c2f4948c86fa9d4679bf5a336b32,Lotus Make-Up Clash Of Colors Ecostay Butter Matte Paint Pot - Pink Craze,Lotus Make Up,Natural > Makeup > Lipstick,349,3.9,20,Low
b8e2068dd8a7ee53d7b962e14621d602,Bio Oil Dry Skin Gel,Bio Oil,Skin > Shop By Concern > Pore Care,230,4.2,310,Low
b0df2de456349f8e5cd52ada4e28636c,Montblanc Emblem Eau De Toilette,Montblanc,Nan,3600,4.7,3,High
67fb9ebdfe38a7a714f6719f097d7af0,Miss Claire Natural Mineral Compact Powder - 21 Natural Beige,Miss Claire,Makeup > Face > Compact,495,4.7,20,Low
825eb129929038141a4871577ac73d2e,VLCC Bio Elixir 10 in 1 Skin Enhance Oil,Vlcc,Nan,460,4.1,23,Low
97eb0a7fc0ce546afac4cca83b477974,Nature's Essence Active Charcoal Face Wash,Nature'S Essence,Personal Care > Face > Facewash,81,4.2,7,Low
8c369e49f7cbd2d315e33fea77d1b840,Himalaya Herbals Protein Hair Cream,Himalaya,Hair > Shop By Concern > Color Protection,33,4.2,959,Low
ba05fe23f80ebe2939e03fc47a1a4f47,Benefit Cosmetics Brow Zings Eyebrow Shaping Kit - 06 Deep,Benefit Cosmetics,Nan,3060,4.5,30,High
d34098beec1f5ec277ac38eabc208a05,M.A.C Matte Lipstick - Diva,M.A.C,Nan,1700,4.5,1620,High
6274c6f91cb7f8f3d662025ee9ec7dd8,Nyassa Rosemary Shampoo,Nyassa,Nan,750,4,11,Medium
4b0ecc87722aea92654316685733f349,Nykaa Naturals Haldi & Chandan Bathing Soap,Nykaa Naturals,Natural > Types Of Skin > Combination Skin,100,4.3,49,Low
d5bbd4ca20870d7d0f51d16ac9f29a9e,Wishcare 100% Pure Lemongrass Essential Oil - Cymbopogon Flexuosus,Wishcare,Natural > Shop By Concern > Hairfall,299,5,5,Low
c3ff6b3b339563b1d0bfdeaebbb0a283,Too Faced Born This Way Setting Powder - Translucent Medium,Too Faced,Makeup > Face > Loose Powder,2400,4.3,13,High
7834f93890c951b4dd341f2d64b3bfbe,Charlotte Tilbury Matte Revolution - Festival Magic,Charlotte Tilbury,Nykaa Luxe > Makeup > Lips > Lipstick,3150,4.6,53,High
e91eae2d4f3b9a6ad1a3ab465cf9c537,Forest Essentials Silkening Shower Wash - Iced Pomegranate With Fresh Kerala Lime,Forest Essentials,Skin > Shop By Concern > Skin Dryness,295,3.5,3,Low
098f3df991fbff2f0776cd4352ffbbcc,Estee Lauder Perfectly Clean Multi Action Foam Cleanser / Purifying Mask Mini,Estee Lauder,Skin > Shop By Concern > Skin Dryness,1250,4.5,32,Medium
5d7fdde0d815879a9a69789d74cee06a,Khadi Natural Ayurvedic Herbal Olive Hair and Body Oil,Khadi Natural,Nan,131,4.4,145,Low
48fe058e54f12c1ffbb6642502c3c1e9,L'Oreal Paris La Petite Eyeshadow Palette - Feminist,L'Oreal Paris,Makeup > Eyes > Eye Shadow,799,4.3,76,Medium
3f3bab815bc7f65205e6138e1c8fa230,Merlion Naturals Organic Shikakai Powder,Merlion Naturals,Natural > Hair > Shampoo & Cleanser,224,5,0,Low
ce183fcd829ae5b9b5071f1ca38ae8fc,K-Veda Eyeyurvedic Kohl Liner Trends - Black Shimmer,K-Veda,Natural > Makeup > Eyeliner,175,3.4,40,Low
9258cb68e9a329d71f7f61549986e456,Guerlain Rose Aux Joues - 03 Peach Party,Guerlain,Makeup > Face > Blush,4775,4.5,0,High
981d9c5fe261bf63a003586e47fd9b68,DIOR Miss Dior Blooming Bouquet Eau De Toilette,Dior,Nan,7700,5,0,High
e518418c971a785771c7d92c97d613e6,Aroma Magic Sunblock Lotion SPF++30 UVA/UVB,Aroma Magic,Natural > Skin > Sunscreen,210,4,971,Low
ab28b26788ee61db8c852a78b4a35e33,Tommy Hilfiger Tommy Now Eau De Toilette,Tommy Hilfiger,Men'S Store > Gifts @ Nykaa,1680,4.8,2,High
ab156a06e324b49d4e486dea509ca127,Nykaa Wanderlust Deodorant Spray - French Lavender,Nykaa Naturals,Fragrance > Women > Deodorants/Roll-Ons,209,4.3,124,Low
6526f3983c14d16e91e68d826dfe4704,Guerlain La Petite Robe Noire Legere Eau De Parfum,Guerlain,Nykaa Luxe > Fragrance > Perfumes (Edp/Edt),6125,4.7,3,High
d2a3d94a46d8e51e9cd2cf5a48f65716,Biotique Bio Kelp Protein Shampoo For Falling Hair,Biotique,Natural > Trending Searches > Peppermint Oil,51,4,3485,Low
dcec4277b184c53e0fa54828aeb8b260,Head & Shoulders Supreme Scalp Rejuvenation Shampoo,Head & Shoulders,Personal Care > Bath & Shower > Shampoo,209,4.5,4,Low
94c349990bd8c88237639de42dd1f098,L'Oreal Paris Fall Resist 3x Anti-Dandruff Shampoo,L'Oreal Paris,Nan,69,4.2,396,Low
aded16990bf12550f60869aca51982ab,Bobbi Brown Corrector - Porcelain Peach,Bobbi Brown,Makeup > Eyes > Under Eye Concealer,3200,4.5,47,High
b5be07eeaac9542dff8cdeb64898fe8a,Kamasutra Long Last Condoms - 3pcs,Kamasutra,Health & Wellness > Sexual Wellness > Condoms,40,4.1,1,Low
3a6407fa1e1ba2a577d4e60b504aae55,AS-IT-IS Nutrition Brown Rice Protein Isolate,As-It-Is Nutrition,Health & Wellness > Good For You > Super Food,576,2,0,Medium
f10fc244e7d3e97c85cfecfc93517133,Olivia Strawberry & Apple Facial Kit,Olivia,Skin > Cleansers > Cleanser,260,3.2,1,Low
1c0102af60985a0f672cbef0f5579b79,Lotus Herbals Safe Sun Whitening+ Long Last Sunblock SPF 40 PA+++,Lotus Herbals,Natural > Types Of Skin > Oily Skin,345,3.6,24,Low
1d7fcf42f3e90baf7285d90805dab37f,VLCC Total Nourishment Fruit Cream,Vlcc,Brand > Vlcc,112,4.2,22,Low
18901030685191890103000000300000000000LCRP100IN,Lakme 9 to 5 Weightless Matte Mousse Lip & Cheek Color - Pink Plush,Lakme,Brand > Lakme,675,4.2,8398,Medium
25a0a574f97281c7f08074b9f6145af8,Astaberry Skin Whitening Face Wash - With Mulberry & Liquorice Extracts,Astaberry,Natural > Types Of Skin > Oily Skin,64,4.2,21,Low
8a59c70b8045f068264b3437f789f3cd,Royalry Essentials Silver Rose Skin Hydrator Face Oil,Royalry Essentials,Nan,600,1.9,5,Medium
b73c701b1803640ffa157c53db729404,"M.A.C Extra Dimension Skinfinish Powder - Oh, Darling!",M.A.C,Nan,3100,4.2,20,High
5c6a52dcc5e10bba796e4c2c615a311c,Allin Exporters Jojoba Oil,Allin Exporters,Natural > Skin > Face Oils,282,4,0,Low
6adff3885d839fb6a81466f022df7ea0,M.A.C Retro Matte Lipstick - Flat Out Fabulous,M.A.C,Makeup > Lips > Lipstick,1700,4.6,2446,High
ffaab03155d236234f17414bf4eb4e7b,Makeup Revolution Highlight Reloaded - Raise the Bar,Makeup Revolution,Makeup > Face > Highlighters,650,3.7,27,Medium
3dd83ec7d05a4106fbd33b0893afb785,The Body Care Amla Shikakai Shampoo,The Body Care,Personal Care > Bath & Shower > Shampoo,230,4.4,9,Low
6dc5ad5d7e2565263266d5478556e3c0,Miss Claire Gradient Baked Blusher - 1,Miss Claire,Makeup > Face > Blush,495,3.9,4,Low
5300011d515f36df2f6588f8d24e74dd,Neemli Naturals Tea Tree & Salicylic Face Wash,Neemli Naturals,Men'S Store > Shop By Concern > Anti Acne,315,5,8,Low
18638014524b84b53f9bb76f90e2ee66,Biotique Bio Gotu Kola Smooth Skin Lotion,Biotique,Brand > Biotique,99,4.3,64,Low
a80eefa35a27a5fd2e91122feb8b3b85,Fabindia Tea Tree Face Wash For Oily Skin,Fabindia,Natural > Trending Searches > Tea Tree Oil,250,4.4,41,Low
48fe081684c8f6b1762d340c784b2eac,NIVEA Body Lotion Nourishing Body Milk - For Very Dry Skin,Nivea,Personal Care > Body > Lotions & Creams,125,4.6,2129,Low
5862930756fbef68849d9ba594ffd3ed,Givenchy Gentlemen Only Eau De Toilette Spray,Givenchy,Men'S Store > Gifts @ Nykaa,5650,4.7,4,High
b0d1cb19abc44ba391dea1a237ed0b1d,Skin Secrets Orange Massage Cream,Skin Secrets,Nan,210,3.5,1,Low
71a172d0371422a2cf363a0b75984631,IsaDora Colormatic Eye Pen - 22 Dark Brown,Isadora,Makeup > Eyes > Eyeliner,810,2,3,Medium
88e56b2f34e31b18c307f654f70fbd8e,Niconi Lemon Cream Face Wash,Niconi,Skin > Cleansers > Face Wash,60,5,3,Low
ec52b3fe13bf1e09f826c7a3180099c7,Smashbox The Original Photo Finish Foundation Primer - Smooth & Blur - Travel Size,Smashbox,Nykaa Luxe > Makeup > Face > Primer,1450,4.4,217,Medium
df9204a752f49e360e5f84ac6c07efd7,Himalaya Baby Hair Oil,Himalaya,Brand > Himalaya,125,4,1,Low
445b2a2c037a252acc2e06d76518d0d4,Pahadi Local Gutti Ka Tel (Apricot Kernel Oil),Pahadi Local,Natural > Shop By Concern > Anti Aging,775,4.9,2,Medium
d628d2961a81baee501fc5ab8ce24e47,Faces Canada Glam On Perfect Blush - Apricot 06,Faces Canada,Makeup > Face > Blush,503,4.2,359,Medium
fd9f98a9a59ae12c55ea05bc2dac63e7,L'Oreal Paris Infallible Pro Matte Liquid Lipstick - 362 Plum Bum,L'Oreal Paris,Makeup > Lips > Liquid Lipstick,400,4.2,230,Low
8b04b49d93df88b80f3395b49f970b52,First Water Hydrating Moonlight Body Mist,First Water,Fragrance > Women > Body Mist/Spray,269,2,0,Low
4de7fab554f91a9a00105d51f8fcce34,Schwarzkopf Gliss Hair repair with Liquid Keratin Serum Ultimate Repair Conditioner,Schwarzkopf,Hair > Shop By Concern > Dry & Frizzy Hair,379,3.9,21,Low
ec96ed3a148fcfbf7e62a85777f09427,Lotus Herbals Jojobawash Active Milli Capsules Nourishing Face Wash,Lotus Herbals,Brand > Lotus Herbals,119,4.4,140,Low
18901030685191890103000000300000000000LCRP100IN,Lakme Absolute Skin Natural Mousse - Almond Honey 06,Lakme,Brand > Lakme,499,4.4,4140,Low
80f420505f1f93d51b206ab0672e1866,Goodcare Fresh Splash Face Wash,Goodcare,Personal Care > Face > Facewash,110,4.2,2,Low
49a34fb125f5363d34892389de3a449c,Bobbi Brown Natural Brow Shaper & Hair Touch Up - Brunette,Bobbi Brown,Nan,2500,4.2,21,High
60abe57227855681c769cdcd3f45c0d1,Makeup Revolution HD Pro Ultra Powder Contour Palette - Medium Dark,Makeup Revolution,Makeup > Face > Highlighters,1850,4.2,24,High
4ad5dff84ad7ce8b5e0092b897c4a6f3,Plix The Plant Fix Strength Vegan Post Workout Chocolate Flavour Protein Powder,Plix,Health & Wellness > Weight Management > Weight Gain,2340,5,0,High
8deabdd3f30931e3d452bedff842ba0e,Davidoff Cool Water Man Intense Eau De Parfum,Davidoff,Nan,2320,4.6,3,High
9bc3c17f7e6df8549ae57ce60f195bc2,L'Oreal Paris Pure Reds Color Riche Collection Star Lipsticks - Pure Rouge,L'Oreal Paris,Makeup > Lips > Lipstick,750,4.5,666,Medium
19487954e0fe74795889c33054ac7709,Nykaa Mirror Shine Trousseau Box - Rose Gold,Nykaa Cosmetics,Makeup > Gifts @ Nykaa,1799,2.9,0,High
e48d306dcc2db2502b75e7d13f1167e1,Nykaa Wanderlust Handwash - Japanese Cherry Blossom,Nykaa Naturals,Brand > Nykaa Naturals,169,4.5,378,Low
db7949a2854c9549442a4811f756d746,Kay Beauty Colour Corrector Stick - Lavender,Kay Beauty,Makeup > Eyes > Under Eye Concealer,509,4.2,452,Medium
539af8c5ee5d6e49feebd836b54ad75c,Vaadi Herbals Amla Shikakai Shampoo-Hairfall & Damage Control With Reetha Extract,Vaadi Herbals,Natural > Hair > Shampoo & Cleanser,85,4,106,Low
a5cab3bcb0bb2d25775ae65ad939de40,Paese Cosmetics Automatic Eye Pencil - 01 Deep Black,Paese Cosmetics,Makeup > Eyes > Eyeliner,699,4.8,1,Medium
18901030685191890103000000300000000000LCRP100IN,Lakme Absolute White Intense Liquid Concealer SPF 25 - Rose Fair,Lakme,Makeup > Eyes > Under Eye Concealer,600,4.2,252,Medium
e20d83ae09d2074bdfcb45f35db7f460,The Body Care Protein Conditioner,The Body Care,Personal Care > Bath & Shower > Conditioner,90,3.9,8,Low
48d4b12479fe4d1804efdb9c2a3191f7,Milani Rose Powder Blush - 08 Tea Rose,Milani,Makeup > Face > Blush,1420,3.9,105,Medium
60928db9ee6e553e7ed4a449d229de36,Allin Exporters Bergamot Essential Oil,Allin Exporters,Skin > Body Care > Massage Oils,336,4,0,Low
e4e87a4fedcef6f4e50212e49db0fb72,Salvatore Ferragamo F Pour Homme Eau De Toilette,Salvatore Ferragamo,Nan,3075,4.4,2,High
39d68113edf47adc4207639e1e81feaf,MESMARA Rosehip Seed Carrier Oil,Mesmara,Nan,382,3.2,4,Low
07fd74b60fc58f0683f3e7b8329f2e55,Wet n Wild Color Icon Loose Pigment - Carol,Wet N Wild,Makeup > Face > Highlighters,350,4.1,23,Low
a598d4b2fc5c31a15735fb5f6693c87c,Nykaa SKINgenius Conceal & Correct Palette - Light 01,Nykaa Cosmetics,Makeup > New Launches,960,4.3,539,Medium
017044830af4f3456d17c571f46a032a,Lime Crime Wet Cherry Lip Gloss - Cherry Candy,Lime Crime,Makeup > Lips > Lip Gloss,1700,4.4,16,High
65185b4c1d38cf96d626a30d52f9ea4e,Kiko Milano Konscious Vegan Matte Blush - 03 Imagine,Kiko Milano,Makeup > Face > Blush,1090,5,0,Medium
fbaf76412005e77d92938a5787e14e95,Nykaa Naturals Tea Tree & Neem Purifying Face Wash for Acne,Nykaa Naturals,Natural > Types Of Skin > Dry Skin,118,4.2,438,Low
ede72006b86bbe70bd255cdc6fdc7a99,Berina Hair Treatment Spa For Dry & Damaged Hairs,Berina,Hair > Hair Care > Hair Creams & Masks,180,4.1,82,Low
c6650af740e39fa75580e2e8d97bbdeb,NIVEA Face Wash - Purifying,Nivea,Nan,140,4.3,187,Low
aa13db1bb972df6f71b633a5ccaf13bd,Rahul Phate's Desaline Shampoo,Rahul Phate'S,Personal Care > Bath & Shower > Shampoo,350,4.8,3,Low
ec96ed3a148fcfbf7e62a85777f09427,Lotus Herbals Jojobawash Active Milli Capsules Nourishing Face Wash,Lotus Herbals,Skin > Cleansers > Face Wash,126,4.4,140,Low
18901030685191890103000000300000000000LCRP100IN,Lakme 9 to 5 Naturale Matte Lipstick - Rose Valet,Lakme,Makeup > Lips > Lipstick,550,4.2,98,Medium
883e7300a0023f1ac10e97e9e4087194,Greenberry Organics Organic Castor Oil For Hair Face & Body,Greenberry Organics,Natural > Hair > Hair Oil,350,4,2,Low
159541f9ba5a2243f769860d3bad1af5,Lotus Make-Up Pure Colors Matte Lip Color - 593 Melon Flirt,Lotus Make Up,Makeup > Lips > Lipstick,236,4.1,143,Low
d534c0f8e4baaec1990d2217abbb751d,Allin Exporters Cold Pressed Argan Oil,Allin Exporters,Nan,179,4.1,2,Low
c2d63a688927f97a4be0ed55a167a6c1,Clinique Clarifying Lotion 3 - Combination Oily,Clinique,Nykaa Luxe > Skin > Face > Toner,2350,4.3,115,High
5c1831736371d86da36dc910e3f70958,Olivia Herb Bleach,Olivia,Skin > Shop By Concern > Skin Brightening,45,4.4,73,Low
4d4c84db642ee9efc089592d9b65348d,Paese Cosmetics Sun Of Egypt Bronzing Illuminating Powder - 1 Sunrise,Paese Cosmetics,Makeup > Face > Bronzer,1499,2,0,Medium
1f626e1a17d73e17dfdf2a9b18e2a652,LOreal Paris Fall Resist 3x Shampoo,L'Oreal Paris,Hair > Hair Care > Shampoo,65,4.2,248,Low
c108617c516a413ad1ddb88b8e2d291c,Just Herbs Silksplash Neem-Orange Rehydrant Face Wash,Just Herbs,Nan,172,4.4,25,Low
8587595874b95bc415ee3d08084ac2be,Vedic Line Foot Massage Cream With Bees Wax & Neem Oil,Vedic Line,Natural > Skin > Cleanser,175,4.3,74,Low
cfe1bd28ee06f9163ece7fa1e84a2a22,Head & Shoulders Silky Black Anti Dandruff Shampoo,Head & Shoulders,Hair > Hair Care > Shampoo,150,4.5,22,Low
089901a9958e8ee40132ac46bd36bcaa,Synaa Hair Coat Hair With Argan Oil,Synaa,Hair > Shop By Concern > Split Ends,109,4.4,1,Low
2834a0ea729a7180883d58ac709d4ebf,Estee Lauder Double Wear Stay-in-Place Makeup With SPF 10 - Alabaster,Estee Lauder,Nfba 2020 Nominees Online Sale,3600,4.3,476,High
6f0be1da372aea9655604ec4874fb2b5,Just Herbs Aloe Vera Facial Massage Gel,Just Herbs,Personal Care > Face > Moisturizer,460,4.3,55,Low
aaaac7163e80cff58a8092c1ff48f8d1,Faces Canada Hi Shine Nail Enamel - Minty Mintness 184,Faces Canada,Makeup > Nails > Nail Polish,179,4.2,150,Low
da9ee342d9efd5e5de815cf0c5a045e7,Dermalogica Mini Daily Superfoliant,Dermalogica,Skin > Shop By Concern > Pore Care,1800,4.6,34,High
f9476adafb7c19f517e1186f22dd2b2f,Bobbi Brown Illuminating Bronzing Powder - Antigua,Bobbi Brown,Makeup > Face > Bronzer,3950,4.1,8,High
0c55ae283d7f8ebe749f5b1b96885029,Garnier Men Power White Moisturiser,Garnier,Men'S Store > Skin Care > Moisturizers,79,4.4,32,Low
fcb6d9027b9e749da011da7dca85b35a,Swiss Beauty Intense Gel Kajal Eyeliner - Bronze,Swiss Beauty,Makeup > Eyes > Eyeliner,299,4.4,58,Low
c39bbac9ef50edb8f64d74c42a4fd094,Glamglow Glowsetter Makeup Setting Spray,Glamglow,Skin > Toners > Toners & Mists,1400,3.9,22,Medium
118cc47d53fd75bb95ef9457f5597e26,Indus Valley Men Organic Beard & Hair Color Medium Brown,Indus Valley,Nan,269,3.6,30,Low
d7c4a6028a32983b520f8519a0c10ac1,Jovees Sandalwood Sun Cover Natural Protection - SPF 30,Jovees,Natural > Shop By Concern > Tan Removal,225,4.1,17,Low
44b98fcbfd0b787da4e569ea3a5d6c17,TONYMOLY I'M Red Wine Mask Sheet,Tonymoly,Skin > Masks > Sheet Masks,100,4.5,3522,Low
18901030693219890103000000300000000000APSA1R3IN,Axe Signature Denim After Shave Lotion,Axe,Men'S Store > Shaving > Aftershave Lotion,125,4.6,22,Low
b1842996d1acb094c177fdeef5910301,Skin Secrets Papaya Facial Kit Free Gulab Neer 100ml,Skin Secrets,Natural > Types Of Skin > Dry Skin,192,3.7,1,Low
7dd602a3acd4848ba0323c2848d31dae,Skin Secrets Lemon Facial Gel,Skin Secrets,Nan,255,5,0,Low
a4f087ee1a14eba656f9906df6a35e0f,Ellement Co. Soother Rejuvenate! Pocket Mist,Ellement Co.,Personal Care > Body > Deodorants/Roll-Ons,325,1,0,Low
51fe9f55de3c9351c13c417d94905c2d,Himalaya Herbals Soothing Body Lotion,Himalaya,Brand > Himalaya,72,4.4,135,Low
987c31c2bd4f0495b9d48184da51a76d,Aroma Treasures Skin Pure Cleanser,Aroma Treasures,Nan,204,3.6,0,Low
18901030685191890103000000300000000000LCRP100IN,Lakme Absolute 3D Lipstick - Romeo Red,Lakme,Brand > Lakme,800,4.2,189,Medium
331e044716eeea10c9e96e59898a7318,Blue Nectar Shubhr Massage Oil for Stretch Marks Scars,Blue Nectar,Natural > Shop By Concern > Anti Aging,445,5,2,Low
05e28c57b58c65880c48f543b7cc2219,CiatÃ© London Gelology Paint Pots - Loop the Loop,Ciatã© London,Nykaa Luxe > Makeup > Nails > Nail Polish,1300,4.1,7,Medium
18901030707725890103000000300000000000DVQF2R1IN,Baby Dove Rich Moisture Baby Massage Oil,Dove,Skin > Body Care > Massage Oils,109,4.4,54,Low
6bb81611e05ac8e7dae4c2291873b4e7,PRADA La Femme Intense Eau De Parfum,Prada,Nykaa Luxe > Fragrance > Perfumes (Edp/Edt),3575,4.2,2,High
ff9863d43418df2cc56337f8c38a35bf,Smashbox Spotlight Palette - Pearl,Smashbox,Makeup > Face > Highlighters,3050,4.6,10,High
d68d00dc92b849577e1afc761931979b,Salvatore Ferragamo F Pour Homme Black Eau De Toilette,Salvatore Ferragamo,Men'S Store > Gifts @ Nykaa,2625,4.2,3,High
44333be424b7c1aa7d31e621e1b0b3d5,Bobbi Brown Long-Wear Cream Shadow Stick - Bark,Bobbi Brown,Nan,3150,4.5,60,High
81777226a46044b47fc213dec16eca58,Montblanc Explorer Eau De Parfum,Montblanc,Fragrance > Men > Perfumes (Edt & Edp),4590,4.6,9,High
4d14a42545be68a60b4b0ae833062f45,Natural Vibes Ayurvedic Tea Tree Shampoo,Natural Vibes,Personal Care > Bath & Shower > Shampoo,449,4.1,111,Low
e889ce90d63081f13ca11386c25a2c78,Smashbox L.A. Lights Blendable Lip & Cheek Color - Beverly Hills Blush,Smashbox,Makeup > Face > Blush,2300,4.1,39,High
dbc0faf2d57b2ab86a9785ff58117838,Aveda Cherry Almond Softening Shampoo,Aveda,Natural > Hair > Shampoo & Cleanser,450,3.9,172,Low
18901030728867890103000000300000000000VHWF1R8IN,Vaseline Intensive Care Cocoa Glow Body Lotion,Vaseline,Skin > Shop By Concern > Skin Dryness,99,4.6,1095,Low
b7948325c4fab2c2a220f8a93efb84c3,Nykaa SKINgenius Skin Perfecting & Hydrating Matte Powder Compact - Toasty Tan 05,Nykaa Cosmetics,Makeup > Face > Highlighters,368,4.1,722,Low
941e8f675c9b8e7fd44b2f4d46a0916d,GlamGals Professional Blush With Brush - Frankly Scarlet,Glamgals,Makeup > Face > Blush,560,3.8,3,Medium
c60ed96130dedbbff5037c1425c42d81,Estee Lauder Advanced Night Repair Synchronized Multi-Recovery Complex,Estee Lauder,Nan,1250,4.4,333,Medium
c64da52adec2223576ad3a86d7bc4df3,Vaadi Herbals Skin Whitening Saffron Face Wash With Sandal Extract - 60ml,Vaadi Herbals,Natural > Shop By Concern > Skin Lightening,69,4.2,44,Low
92db2c86993a8188314620532b6e00ce,Faces Canada Ultime Pro Matte Lip Crayon With Free Sharpener - Peach Me 08,Faces Canada,Makeup > Lips > Lipstick,719,4.5,2749,Medium
1ddc2f3c6550d4e5d58616b5eeb91791,Nykaa Naturals Eucalyptus Essential Oil,Nykaa Naturals,Nan,245,4.2,7378,Low
288cef91a0c51eca48a45d99259e7049,Nykaa Get Cheeky! Blush Duo Palette - Cali Chick 02,Nykaa Cosmetics,Makeup > Face > Blush,629,4.4,1087,Medium
4a17f8020640dea41fc84fa2db15a4b7,Votre White Essence Brightening Massage Creme,Votre,Personal Care > Face > Moisturizer,385,3.9,4,Low
cbc793677dd491dc879d4d28f8dab9d0,Himalaya Stretch Mark Cream For Moms,Himalaya,Brand > Himalaya,120,3.9,8,Low
6c3876adc81dfadcf2f870ad85dfe0f2,Davidoff Run Wild Woman Eau De Parfum,Davidoff,Nan,3320,5,1,High
0d6bbac8550bc2a389dc2032e489ba8a,NIVEA Creme Care Body Wash,Nivea,Skin > Body Care > Lotions & Creams,199,4.5,513,Low
c09ede98c826796bf6e6bc5259b49c90,Milani Color Statement Moisture Matte Lipstick - 69 Matte Beauty,Milani,Makeup > Lips > Lipstick,850,4.1,95,Medium
0624b6f13fd50d42286fb14f431517c4,GK Hair Color Shield Shampoo,Gk Hair,Hair > Shop By Concern > Dry & Frizzy Hair,1500,4.5,1,Medium
bb6f24059ebc1a764a00815b75deb271,Dermacol Iconic Lips 2-In-1 Lipstick & Lipliner - 1,Dermacol,Makeup > Lips > Lipstick,2149,5,1,High
6e782701acfe06579b0b53423813647a,LOOkX Eyeshadow - Nr. 180 Plum Pearl,Lookx,Makeup > Makeup Kits > Customize Your Palette,411,3.4,8,Low
6af8089fbcddcca0ceb23d6938e91009,Inglot Lipstick Matte - 446,Inglot,Makeup > Lips > Lipstick,1900,4,1,High
07214e6e1550eb2972c848e7c2517f55,NYX Professional Makeup Total Control Mesh Cushion Foundation - Honey,Nyx Professional Makeup,Makeup > Face > Foundation,1400,3.9,26,Medium
54822a2fe4958ae2aacd71543c7e2d83,Nature's Essence Organic Oriental Orange 'N' Lime D-Tan Face Wash,Nature'S Essence,Natural > Body Care > Body Lotions,76,4.8,1,Low
3ba24c5209f815f6074fc44f8430ca4e,L.A. Girl Pro Contour Cream - Deep,L.A. Girl,Makeup > Face > Highlighters,675,4,100,Medium
2a9538d9eaf3839613e29754f1dd575c,MuscleBlaze MB Burner Capsules,Muscleblaze,Health & Wellness > Shop By Concern > Immunity,337,5,0,Low
81882597243c4e8870a3010b22f561e5,Dabur Vatika Anti Dandruff Shampoo,Vatika,Men'S Store > Hair Care > Shampoo,115,4.4,4,Low
5f6ed98a6c92a029a0d83b080da21527,Estee Lauder Pure Color Envy Sculpting EyeShadow 5 Color Palette - Currant Desire,Estee Lauder,Nan,4500,3.6,5,High
9dc53977691e07959cdc4fc5877db3e2,Ponds Super Light Gel Oil Free Moisturiser With Hyaluronic Acid + Vitamin E,Ponds,Skin > Shop By Concern > Skin Dryness,149,4.5,5425,Low
6885f72ca986b035282b6a4609621451,Just Herbs Kumuda Sacred Lotus Rejuvenating Body Wash,Just Herbs,Natural > Types Of Skin > Normal Skin,135,4.3,3,Low
5357445d70d5722066b00be9b96ad43b,Nykaa Naturals Citronella Essential Oil,Nykaa Naturals,Natural > Shop By Concern > Tan Removal,280,4.2,7483,Low
995437d28764c16e0168abab270f93fd,Garnier Body Cocoon Intense Moisturising Lotion,Garnier,Skin > Moisturizers > Face Moisturizer & Day Cream,135,4.4,116,Low
48978c9657380897f5a7fc38ff69cdde,Stars Cosmetics Concealer - Yellow,Stars Cosmetics,Makeup > Face > Concealer,250,4.1,80,Low
c157e14d2f2c994b106d670227ab2739,Kay Beauty Matte Lipstick - Award Night,Kay Beauty,Makeup > Lips > Lipstick,999,4.7,41,Medium
6c6c9f8e18778a81cfba7722e0243eb4,Chambor Silver Shadow Pressed Powder - 103 Sable RR3,Chambor,Makeup > Face > Compact,650,4.5,7,Medium
174a780fda5474412413e34144fd6a41,YLG Spectacolor Creme Nail Paint - Petals And Blossoms,Ylg,Makeup > Nails > Nail Polish,149,5,0,Low
474a0c6135fafa5e0afcb1dc109cb238,Makeup Revolution Conceal And Define Concealer - C12,Makeup Revolution,Makeup > Eyes > Under Eye Concealer,695,4.2,379,Medium
911d6826660e49ceb0b3c1362f4cc871,Gillette Sensitive Shave Foam - 418gm 33% Extra Free,Gillette,Nan,179,4.5,47,Low
6362c92b6b831d70486b157470978e11,Incolor Exposed Better Skin Concealer + Corrector - 5,Incolor,Makeup > Face > Concealer,245,3.4,2,Low
9f2aeea0d8eba5767c52dc55cfee75ec,Royalry Essentials Rose Gold Oil,Royalry Essentials,Nan,720,4.1,156,Medium
b1842996d1acb094c177fdeef5910301,Skin Secrets Papaya Facial Kit Free Gulab Neer 100ml,Skin Secrets,Natural > Types Of Skin > Normal Skin,192,3.7,1,Low
69dc4f36632eb91657c6a4f2ec589c2f,Chambor Silver Shadow Compact Powder - Sable RR3,Chambor,Makeup > Face > Compact,995,4.4,90,Medium
8b76a7ada4e3245eb0e0af5d6254aba8,Olena Evolve Performance Plant Protein Powder Wild Berry Flavour,Olena,Health & Wellness > Sports Nutrition > Post Workout,2499,5,0,High
18901030685191890103000000300000000000LCRP100IN,Lakme Absolute Precision Eye Artist Eyebrow Pencil - Natural Black,Lakme,Brand > Lakme,600,4.2,63,Medium
c652c8eb3fd76bbfb19cd1872a70a546,Shiseido Essentialist Eye Palette - 02 Paltanium Street Metals,Shiseido,Nan,2464,3.6,3,High
bcc621def826abe670b76d07ec61b158,Swiss Beauty Blusher & Highlighter - Shade 05,Swiss Beauty,Makeup > Face > Highlighters,299,4.1,10,Low
641295df511b4353815804b1dc8c2cc7,Lime Crime Velvetines Liquid Metallic Lipstick - Eclipse,Lime Crime,Makeup > Lips > Liquid Lipstick,1900,5,0,High
64c4a5cbd5d8aebeb09487d732eb5ad9,Smashbox Color Correcting Stick - Look Less Tired - Light (Free Sharpener Included),Smashbox,Makeup > Face > Concealer,2090,4.1,13,High
9cc4c6e0ed162d56bb1666dc1f6429f9,Colorbar Diva Lipstick - 002 RED SHE SAID,Colorbar,Makeup > Lips > Lipstick,599,4.3,42,Medium
f6a1b4512f556b3b0a9f5fc5d0a7b11a,Just Herbs Skin Tint - 4 Sand,Just Herbs,Natural > Types Of Skin > Dry Skin,1101,3.5,38,Medium
3ffe63434867f09e17570247ec190a19,L'Occitane Terre De Lumiere Beautifying Body Milk,L'Occitane,Personal Care > Body > Lotions & Creams,710,4.5,4,Medium
5d676d28932916e7d159981b4d69eb43,Charlotte Tilbury Luxury Palette - The Sophisticate,Charlotte Tilbury,Nykaa Luxe > Makeup > Palettes > Eye Palette,4900,4.5,24,High
18901030685191890103000000300000000000LCRP100IN,Lakme Color Crush Nail Art - C1,Lakme,Brand > Lakme,155,4.2,2062,Low
d696d490e36a693126c387bc1f62ba4a,Everyuth Naturals Moisturizing Fruit Face Wash With Apple Extracts,Everyuth Naturals,Personal Care > Face > Facewash,65,4.4,70,Low
96deb09c4160b873e960d36ab0fb053d,Nykaa Wanderlust Shower Gel - Sicilian Sweet Pea,Nykaa Naturals,Brand > Nykaa Naturals,280,4.3,2014,Low
032578730b593782bb3454722bca3104,Lotus Make-Up XXV Hydrating Serum Intense Lip Color - Peony,Lotus Make Up,Nan,574,3.6,9,Medium
531d2532009246fad3bcdc8e1c5faa1a,Bobbi Brown Soothing Cleansing Oil,Bobbi Brown,Nykaa Luxe > Skin > Face > Cleanser,1150,4.5,5,Medium
650528fb5a977c2c90a844d484cd7660,PAC Pure Matte Eyeshadow - 46 Orange Candy,Pac,Makeup > Eyes > Eye Shadow,300,3.4,10,Low
bd02680d62a0bd240687ff4756f156f7,Palladio I'M Blushing 2-In-1 Cheek & Lip Tint - Precious,Palladio,Makeup > Lips > Lip Stain,899,3.5,41,Medium
90fc1f28f24fa0446770f1e03191b209,Nykaa InstaBlur Color Corrector Stick - Yellow,Nykaa Cosmetics,Makeup > Eyes > Under Eye Concealer,399,4.1,123,Low
b12108251840bc0bf7cfc81e8282c5a7,Nicka K Matte Lip Color - Liatris,Nicka K,Makeup > Lips > Liquid Lipstick,298,2.2,3,Low
8df9b1422b1878c8d061b2821e682edf,Colorbar Mattillusion Blush - 003 Flushed Satin,Colorbar,Makeup > Face > Blush,675,4.5,147,Medium
75a11c453b0372310cd8d036a741515a,MuscleBlaze Whey Protein - Vanilla,Muscleblaze,Health & Wellness > Shop By Concern > Bones & Joints,2135,5,0,High
220f11a485c4cc672e4b5b5aa109a441,Nature's Tattva Raw & Unrefined Indian Mango Butter,Nature'S Tattva,Personal Care > Body > Lotions & Creams,235,4.1,10,Low
7c5c27fb284623d926b8168928fa93de,Forest Essentials Ultra-Rich Body Lotion - Mashobra Honey & Vanilla (Travel Mini),Forest Essentials,Nan,375,4.4,47,Low
589e605d3e32845ccca575a651a576c4,NYX Professional Makeup Born To Glow Liquid Illuminator - Sunbeam,Nyx Professional Makeup,Makeup > Face > Highlighters,850,4,551,Medium
c953f9b3d44fa4ea2d2671ec2cc07ea8,House Of Makeup Double Duty Kohl + Liner - Silverrighteous,House Of Makeup,Makeup > Eyes > Kajal,499,2.8,3,Low
49c08e34e7fba800a16132672c42b661,Yves Rocher Pur Bleuet Express Eye Makeup Remover,Yves Rocher,Makeup > Eyes > Eye Makeup Remover,580,4.3,3,Medium
1ff3464e6463e34e4e8d3ed1d7ff5fc0,The Body Care Herbal Shampoo With Conditioner,The Body Care,Natural > Hair > Shampoo & Cleanser,134,4,5,Low
91b6095937645fb33cc1da6ed38f1b3a,Kay Beauty Matte Lipstick - On Screen,Kay Beauty,Makeup > Lips > Lipstick,999,4.6,31,Medium
5783113240b8174e19cee6285038b287,Burberry Brit Rhythm Men Eau De Toilette,Burberry,Nykaa Luxe > Fragrance > Perfumes (Edp/Edt),2960,5,0,High
d351ec99fea51ba1ea872383ec67e722,Wet n Wild Photo Focus Foundation - Mocha,Wet N Wild,Makeup > Face > Foundation,300,4.1,1225,Low
e036dff21be35000a37cb1f9ccea94d8,VLCC 3D Youth Boost SPF40 PA+++ Sun Screen Gel CrÃ¨me,Vlcc,Natural > Types Of Skin > Oily Skin,220,4.3,153,Low
1c08e49bb63fc4811010a1f3debbb3b4,Wet n Wild Color Icon Eyeshadow Trio - I Dream Of Greenie,Wet N Wild,Makeup > Combos @ Nykaa,399,4,138,Low
1df40cc1726765ade22442d9963e55d7,"Forest Essentials Hair Conditioner - Amla, Honey & Mulethi (Travel Mini)",Forest Essentials,Nan,350,4.4,61,Low
15496cfbe7ee2e663d978725a25764d6,L'Occitane Immortelle Divine Cream,L'Occitane,Skin > Moisturizers > Face Moisturizer & Day Cream,5800,4.3,6,High
39039a6f0d7977e84d7c9cf00886ff8d,Ancient Living Tea Tree Face Wash,Ancient Living,Natural > Shop By Concern > Acne Treatment,199,4,3,Low
4d93f6318756ea6c313226eab7637da3,Issey Miyake Nuit D'Issey Parfum,Issey Miyake,Men'S Store > Gifts @ Nykaa,4122,4.3,3,High
4ba7a77ae3e4748ba24084d56e837a04,Nykaa Naturals Carrot Seed Facial Oil - Pure Cold Pressed,Nykaa Naturals,Brand > Nykaa Naturals,520,4.2,2620,Medium
eea294b72bff70793fc8f482adc0154b,VLCC Ayush Men Moisturiser,Vlcc,Nan,120,4,13,Low
7d1146cb053a60aeb11822e83c93579d,Bobbi Brown Perfectly Defined Long-Wear Brow Pencil - Espresso,Bobbi Brown,Makeup > Eyes > Eye Brow Enhancers,4400,3.9,7,High
4f45ef9c2b6aaa9fff7f07a5b5c23cb5,Lotus Make-Up Ecostay Radiant Gel Foundation - Vanilla,Lotus Make Up,Natural > Makeup > Foundation & Concealer,591,4.2,15,Medium
786f255239a71f885271046004eb9925,TS Matte Collection Nail Enamel - Netflix And Chill,Ts,Makeup > Nails > Nail Polish,110,4.5,39,Low
455cde5056add9312adf5e773dce9775,Biotique Bio Morning Nectar Visibly Flawless Face Pack,Biotique,Natural > Shop By Concern > Pigmentation,49,4.1,39,Low
af2acd07fb737766cfdcc208e3d8b456,SSCPL Herbals Conditioner For Dry And Damaged Hair,Sscpl Herbals,Natural > Hair > Conditioner,290,5,2,Low
a7d097919716b0811d97b1d7c0727011,Kay Beauty Nail Nourish Nail Enamel Polish - Wine Berry 30,Kay Beauty,Makeup > Nails > Nail Polish,191,4.4,2810,Low
e3a38c69c899b51cbb6b1162764b9eab,MAKE UP FOR EVER Star Lit Glitter - S107 HOLOGRAPHIC SILVER,Make Up For Ever,Makeup > Face > Highlighters,1850,3.9,4,High
626ce2f053dd6ec6c14d8eebafeffa30,Kama Ayurveda Lavender Patchouli Hair Conditioner,Kama Ayurveda,Nan,725,4.2,34,Medium
4d0d469b0ef8d42390e72381f7295a11,TS Color Police Nail Enamel - Glittery Pleasure,Ts,Makeup > Nails > Nail Polish,85,4.3,1564,Low
97d3959672c982635552fd56f866d99f,Moi By Nykaa Epice Eau de Perfume,Nykaa Cosmetics,Fragrance > Women > Perfumes (Edt & Edp),900,4.4,346,Medium
0c3c80e9abaecb66f377d296aab9f1d9,Himalaya Herbals Dryness Defense Protein Shampoo,Himalaya,Natural > Shop By Concern > Hairfall,68,4.3,106,Low
f4ecc16d3dc2ee4c5b71a839c4021a96,Raaga Professional PRO Botanix Repair & Nourish Shampoo-200ml,Raaga Professional,Personal Care > Bath & Shower > Shampoo,350,4.4,21,Low
96b194fb980ef1f505088391c4eadf91,Forest Essentials Soundarya Ultra Rich Body Milk With 24 Karat Gold & SPF 25,Forest Essentials,Skin > Shop By Concern > Skin Dryness,575,3.7,1,Medium
0fa5079fd0dcceb98cd924c9412a5a65,Makeup Revolution Blush Palette - Blush Goddess,Makeup Revolution,Makeup > Combos @ Nykaa,1350,3.8,42,Medium
dd003c628206a0883095295c3708500f,Dunhill Desire Eau De Toilette,Dunhill,Fragrance > Men > Perfumes (Edt & Edp),5100,5,1,High
43f286a62cde98204aab8254501102ed,Himalaya Herbals Intensive Face Moisturizing Lotion,Himalaya,Natural > Body Care > Body Lotions,84,4.1,88,Low
01c2b242fbc8fd77bd32ba018e527139,VLCC Ayurveda Baby Cream,Vlcc,Skin > Shop By Concern > Skin Dryness,70,3.9,14,Low
1e695cfb6162fcdaf1a3125d37a0ba95,Bajaj Nomarks Ayurveda Antimarks Sunscreen SPF 30,Bajaj Nomarks,Natural > Types Of Skin > Combination Skin,49,3.9,24,Low
7195bd44cc2cfbf40d9d2876d3cfc66e,PRADA Luna Rossa Sport Eau De Toilette,Prada,Fragrance > Gifts @ Nykaa,2300,4,1,High
124f291afe9ed7f1fe3d84dfe6fe3245,Jiva Ayurveda Aloe Vera Lotion,Jiva Ayurveda,Natural > Types Of Skin > Normal Skin,77,4,0,Low
ba6b33389175dd066caa8191750b004b,Himalaya Gentle Baby Laundry Wash (Bottle),Himalaya,Mom & Baby > Health & Safety > Detergents & Cleansers,295,4,4,Low
0aa9cd5bbd0b260ba90061f33251c82c,Too Faced Lip Injection Extreme Lip Plumper - Original - Travel Size,Too Faced,Makeup > Lips > Lip Gloss,1050,4,239,Medium
4133f93c0d055cae1573d9a4e3559a25,Aveda Dry Remedy Moisturizing Conditioner,Aveda,Natural > Shop By Concern > Dry & Frizzy Hair,950,4.9,4,Medium
679c76fc4865d7a818968e89cec63436,SOVA Chamomile & Coorgi Narangi Body Wash,Sova,Natural > Types Of Skin > Dry Skin,340,3.7,1,Low
c38e2a29d163a1a8f6903d1d5ce43e6e,M.A.C In Extreme Dimension Lash Mascara / Mini - 3D Black,M.A.C,Nykaa Luxe > Makeup > Eyes > Mascara,1050,4.2,165,Medium
5c5588d44a5fbd35cbef8c4c8303ec28,Trichup Hair Fall Control Hair Oil,Trichup,Natural > Hair > Hair Oil,160,4.2,57,Low
5303428e979007f51b686a49d29e2917,Murad Essential-C Cleanser,Murad,Nykaa Luxe > Skin > Face > Cleanser,990,4.8,6,Medium
15496cfbe7ee2e663d978725a25764d6,L'Occitane Immortelle Divine Cream,L'Occitane,Nykaa Luxe > Shop By Concern > Anti-Ageing,5800,4.3,6,High
499314d9ee2d70fb7a7363773c9d4b68,Lotus Herbal Quincenourish Quince Seed Massage CrÃ¨me,Lotus Herbals,Natural > Skin > Moisturizer,375,4.4,26,Low
68ea21f7e1e10da1b46d108557f5f921,Kama Ayurveda Lavender Patchouli Body Cleanser,Kama Ayurveda,Nykaa Luxe > Brand > Kama Ayurveda,675,4.3,14,Medium
ad673db4c998bbb622ac079eb0c9dc2f,NIVEA Oil-in-Lotion Tender Coconut & Tiare Oil Body Lotion,Nivea,Skin > Body Care > Lotions & Creams,260,4.4,126,Low
679065fea02ed6e1ceaafec36f1673af,Chopard Brilliant Wish Eau De Parfum,Chopard,Nykaa Luxe > Fragrance > Perfumes (Edp/Edt),3150,5,1,High
ec0de98311d268b2c533109458d0a682,Tjori Olive & Flaxseed Baby Massage Oil,Tjori,Mom & Baby > Baby Care > Baby Oil,449,5,0,Low
b168a6134e1c9584bf27abe99aa920b7,Just Herbs Ayurvedic Lipstick - Medium Nude Brown Shade no. 12,Just Herbs,Natural > Makeup > Lipstick,633,4.3,22,Medium
8a25d7d17555971297c563a2896acae1,Spawake Moisturising Cold Cream,Spawake,Personal Care > Face > Moisturizer,129,4.2,9,Low
c646fc3fe1072ba3f7c85acae94730f9,Lotus Herbals Cocomoist Cocoa-Butter Moisturising Lotion,Lotus Herbals,Personal Care > Face > Moisturizer,295,4.6,81,Low
1145c9474e1e9d4bcad49e5a99351767,Spinz Master Mover Deodorant Body Spray For Men,Spinz,Men'S Store > Fragrance > Deodorants/Roll-Ons,200,5,1,Low
4f3db032f9627131bc160d06dbdb004a,Raw Nature Helichrysum & Sage Hand & Body Lotion,Raw Nature,Natural > Shop By Concern > Anti Aging,649,3.3,0,Medium
bd6a10b14b3ba5ca5ebafce8062d2fc2,KOCOSTAR Waffle Mask Set - Ice Cream,Kocostar,Skin > Masks > Sheet Masks,378,5,5,Low
9d6f62fba9cf86c5b7825558c3cc6e80,Tea Treasure Rooibos Red Tea 18 Pyramid Tea Bags,Tea Treasure,Health & Wellness > Good For You > Green Tea,269,5,0,Low
b2e73781d5a9aa937eb909adb01193fe,Wet n Wild Color Icon Blush - Fantastic Plastic Pink,Wet N Wild,Makeup > Face > Blush,399,4,1017,Low
0261186cfbfe3041c88fbab962ce6625,Richfeel Hair Conditioner,Richfeel,Personal Care > Bath & Shower > Conditioner,220,3.6,4,Low
26da1a79bac7c05f5f51392edade07ef,Moha Foot Care Cream,Moha,Natural > Body Care > Hands And Feet Care,105,4,40,Low
1d7f0b1ac2b3cddcbf5af0f3611c5594,Skin Secrets Almond Massage Cream,Skin Secrets,Natural > Types Of Skin > Dry Skin,210,3.3,0,Low
0c3049cdfc42ed56916ca70bcb82b02e,SSCPL Herbals Shampoo For Chemically Treated Hair,Sscpl Herbals,Natural > Hair > Shampoo & Cleanser,260,4.4,3,Low
6dfad3c487c760632af43664f1e80484,Inner Sense Organic Antimicrobial Sleeping/Feeding Bra - Blue (32B),Inner Sense,Mom & Baby > Maternity Wear > Maternity Bra,749,3.7,0,Medium
25a0a574f97281c7f08074b9f6145af8,Astaberry Skin Whitening Face Wash - With Mulberry & Liquorice Extracts,Astaberry,Nan,64,4.2,21,Low
18901030685191890103000000300000000000LCRP100IN,Lakme Absolute White Intense Liquid Concealer SPF 25 - Rose Fair,Lakme,Brand > Lakme,600,4.2,253,Medium
cd4f0ca40ac7148d8874cad3924c0671,Dazller Eterna Precious Nail Glitter - 11 Indigo,Dazller Eterna,Makeup > Nails > Nail Polish,150,4.6,14,Low
c9a614a1f7dc2a592dda19aea0aef5e5,Kay Beauty Matte Eyeshadow Stick - Enigma,Kay Beauty,Makeup > Eyes > Eye Shadow,509,4.4,444,Medium
c37278058dc2fe96905336994246e4ed,Olay Moisturizing Cream,Olay,Skin > Moisturizers > Face Moisturizer & Day Cream,299,4.4,477,Low
a55e3e9388ca0b4bc3940fec5f7d66ae,Head & Shoulders 2 in 1 Active Protect Anti Dandruff Shampoo + Conditioner,Head & Shoulders,Nan,185,4.2,56,Low
f5b64585b9489f3423d4bb31e887f916,Beardhood Subtle Citrus Beard Oil,Beardhood,Personal Care > Men'S Grooming > Beard & Moustache Care,200,4.2,8,Low
702d953460d431ffc4bb353ab95c6cd0,Biotique Bio Pink Lentils Matte Look Sun Block Sunscreen SPF 40,Biotique,Skin > Shop By Concern > Skin Brightening,275,3.9,36,Low
abfa1c4a25bc355cca9a331daf8be25e,Himalaya Herbals Gentle Exfoliating Walnut Scrub,Himalaya,Natural > Types Of Skin > Oily Skin,64,4.4,311,Low
82252f975624c9d98e75fe5f372ef4bf,Kevin.Murphy Motion.Lotion Curl Enhancing Lotion,Kevin.Murphy,Hair > Hair Care > Hair Creams & Masks,1975,3.2,4,High
22a845a8abffb40245663d1c13c780ee,Sorich Organics Sunflower Seeds,Sorich Organics,Health & Wellness > Shop By Concern > Bones & Joints,180,4.2,1,Low
ecda249518e87b28ed2bfb73ce265ca0,SSCPL Herbals Mix Fruit Scrub,Sscpl Herbals,Natural > Types Of Skin > Normal Skin,185,4.3,3,Low
b5bbda3e882eb6fda054da285e7b3e08,Aveda Damage Remedy Restructuring Conditioner,Aveda,Natural > Hair > Conditioner,950,4.3,18,Medium
8b918d9fdf69f1582f2fd82dba16e0e3,TONYMOLY Dr.Logy Moisture Mask Sheet,Tonymoly,Nan,138,4.2,47,Low
12048ebf638e3574cba620c0241137ec,Kapiva Ayurveda Apple Cider Vinegar Gummies,Kapiva Ayurveda,Nan,525,5,1,Medium
f5746b3ca6f4ac7cc2e533789e68ab6b,Cadiveu Brasil Cacau Eco Keratin,Cadiveu,Hair > Shop By Hair Type > Straight,7000,5,0,High
10637cc9832223fdde9194240f24a0ab,Deborah 24 Ore Eyebrow Pencil - 281,Deborah,Makeup > Eyes > Eye Brow Enhancers,495,4.2,16,Low
26d69031a684010a56b8b8d8e57ebf48,Forest Essentials Beauty Body Oil Soundarya,Forest Essentials,Skin > Body Care > Massage Oils,2875,3.8,3,High
e18b013ac9cac212485adf40912b50bb,Oxy Whitening Peel Face Wash,Oxy,Skin > Cleansers > Face Wash,179,5,1,Low
571dbb10246e8598f1fca29637d82a68,Forest Essentials Illuminating Ojas Balm,Forest Essentials,Skin > Moisturizers > Night Cream,2050,3.9,8,High
bd22390eb911e4dc14d9f4df3edb3f25,HermÃ¨s Eau D'Orange Verte Eau De Cologne,HermãˆS,Nykaa Luxe > Fragrance > Colognes,5050,4.9,4,High
53d26f408540c44b9cb84a3a0d5c475b,Blue Heaven Xpression Pan Cake - 74 Golden Honey,Blue Heaven,Makeup > Face > Foundation,86,3.3,150,Low
a95d8e01dba53433a09878545f0b6f7b,Goodcare Youth Lift Anti Ageing Cream,Goodcare,Skin > Moisturizers > Face Moisturizer & Day Cream,450,3,2,Low
b22678e308247f2a60b1c819d094ee85,Lime Crime Velvetines Liquid Matte Lipstick - Lulu,Lime Crime,Makeup > Lips > Liquid Lipstick,1900,4.6,65,High
859466f1b459ae4e4b2aa299c1018bc0,SERY Capture D' Matte Lasting Lip Color - Ml06 Red Rush,Sery,Makeup > Lips > Lipstick,549,3.7,5,Medium
1a7947fdf51b1f69d00e2933a039c816,Makeup Revolution Precious Stone Highlighter Palette - Ruby Crush,Makeup Revolution,Makeup > Combos @ Nykaa,1100,4.8,2,Medium
c2be7e1ef97ba2c19c69d1ac953a9cad,Milani Conceal + Perfect Longwear Concealer - Light Beige,Milani,Makeup > Eyes > Under Eye Concealer,1250,4.2,10,Medium
1d0cb62e4ae8c1746e59723f9763fc89,VLCC Insta Glow Gold Bleach,Vlcc,Nan,65,4.2,753,Low
6b95c131190e3a730f5e71fecd97d762,L'Occitane Pivoine Flora Shower Gel,L'Occitane,Nan,710,4,2,Medium
d4e273031089ea24f7cb6de789833fa3,DIOR Miss Dior Absolutely Blooming Eau De Parfum,Dior,Nan,9500,3.5,2,High
0c610ad565589bce6b861960159ac311,Biotique Bio Papaya Visibly Flawless Face Wash For All Skin Types,Biotique,Personal Care > Face > Facewash,60,4.3,2340,Low
f61f3f3887c81a2406485d8f973facac,DeBelle Gel Nail Lacquer - Chrome Gold,Debelle,Makeup > Nails > Nail Polish,315,4,14,Low
d4c9568437b5df4129fea0e9c4f404ad,L'Occitane Shea Butter Extra Gentle Soap - Verbena,L'Occitane,Personal Care > Bath & Shower > Soaps,580,5,1,Medium
98f77830bf9481849c4247b2ee9a585b,Max Factor Face Finity All Day Flawless 3 In 1 Foundation - 40 Light Ivory,Max Factor,Makeup > Face > Face Primer,1199,4.1,13,Medium
324109b6b77cbf327c96adf22927d5df,Focallure Gelitter Eyeliner - # 2 Garnet,Focallure,Makeup > Eyes > Eyeliner,599,3.9,37,Medium
1c4d69d785ee92355c531a9c13369c3a,Niconi Green Apple Cream Face Wash,Niconi,Skin > Cleansers > Face Wash,60,5,2,Low
d2a3d94a46d8e51e9cd2cf5a48f65716,Biotique Bio Kelp Protein Shampoo For Falling Hair,Biotique,Natural > Hair > Shampoo & Cleanser,79,4,3522,Low
2f581245aa21e41d312fb0f3a8e39bca,VLCC 3 In 1 Intensive Care Cold Cream SPF 20,Vlcc,Skin > Shop By Concern > Skin Dryness,65,4.4,79,Low
38bf46435f734f5e0ab64b1ed8b2eb74,Jean Paul Gaultier Le Beau Eau De Toilette For Men,Jean Paul Gaultier,Men'S Store > Gifts @ Nykaa,3360,4.2,0,High
b99a5a275dc41fb3dcab986d907dfbfc,Fuschia Crystal Rose Bath Salt,Fuschia,Nan,213,4.2,1,Low
dd20f21f3906b29e73413d0435bc502d,Nykaa Sealed with a Kiss! Lipstick Palette - Girl Boss 01,Nykaa Cosmetics,Makeup > Makeup Kits > Face Palettes,650,4.1,1191,Medium
4ad5dff84ad7ce8b5e0092b897c4a6f3,Plix The Plant Fix Strength Vegan Post Workout Chocolate Flavour Protein Powder,Plix,Men'S Store > Wellness > Sports Nutrition,2340,5,0,High
5bc1209dd118bae56cdca80fcc9f0926,Allin Exporters Ylang Ylang Oil,Allin Exporters,Nan,171,5,0,Low
f712c91685d9daf8eb0e864c0d017d5a,Dhathri Hair Care Plus Oil,Dhathri,Natural > Hair > Hair Oil,248,4.5,15,Low
29fc2b3a6ceb24b488888662899c98b2,Silkberry Jasmine & Mogra Body Butter,Silkberry,Natural > Body Care > Body Lotions,360,5,3,Low
19afa069893b40a87c454f3462088624,Givenchy Rouge Interdit Rouge - 10 Boyish Rose,Givenchy,Makeup > Lips > Lipstick,2750,4.2,3,High
27d9c744a77647d1cd61c7cd40cba41b,Estee Lauder Double Wear Stay In Place Eye Pencil - Emerald Volt,Estee Lauder,Nan,1900,4.2,25,High
e0e82ab5efdda5baa4aff10e3c0e231b,Ponds Sun Protect Non-Oily Sunscreen SPF 30,Ponds,Skin > Moisturizers > Face Moisturizer & Day Cream,99,4.2,320,Low
b977895c5330c41b517f8f0cfc31d469,Debon Herbals Aloe Vera Shampoo,Debon Herbals,Natural > Hair > Shampoo & Cleanser,210,3.5,3,Low
e0750982df54c3f7c1e295a1456a3a90,Kay Beauty Nail Nourish Nail Enamel Polish - Sun Baked 17,Kay Beauty,Makeup > Nails > Nail Polish,191,4.4,2823,Low
aa0494ff245cb8dee83909510899cca9,The Body Shop Exfoliating Skin Towel - Pink,The Body Shop,Nan,396,4.4,14,Low
318414351a1f0536afc895334cda1955,Maybelline New York Color Sensational Creamy Matte Lipstick The Bricks-City Heat Collection - 4 Soho Nudes,Maybelline New York,Makeup > Lips > Lipstick,299,4.3,1247,Low
d842290e0844d2822f1a84e8a35bf2d7,Biotique Bio Honey Gel Refreshing Foaming Face Wash,Biotique,Natural > Shop By Concern > Pigmentation,65,4.3,1121,Low
659522c44a92f894d91d0a964d51f062,Note Mineral Blusher - 103,Note,Makeup > Face > Blush,1499,5,2,Medium
be87aa718721aa601b03cd96f0d0265c,Allin Exporters Steam Distilled Lemon Essential Oil,Allin Exporters,Skin > Body Care > Massage Oils,277,5,1,Low
6972eafff8e3af779fda3a3d394a98da,L.A. Colors Highlight & Contour Palette - Light to Medium,L.A. Colors,Makeup > Face > Contour,325,3.8,58,Low
f4dac5563c8ea8b7a811b8d2ab793cac,Davidoff Horizon Eau De Toilette,Davidoff,Nan,2300,4.6,3,High
12fba3d32110d4da98af7ccb24afb952,Himalaya Herbals Clear Complexion Whitening Face Scrub,Himalaya,Brand > Himalaya,64,4.3,189,Low
e0299f224fba5d0b6ab39c3971cc7825,Beaver Professional Marula Oil Conditioner pH 4.5-5.5,Beaver Professional,Hair > Shop By Concern > Color Protection,960,4,1,Medium
286eacc8e99c57c75bb078c757b167ca,L'Oreal Paris Smooth Intense Shampoo,L'Oreal Paris,Men'S Store > Hair Care > Shampoo,150,4.1,108,Low
1b156af4eaf823dbecf325761120e7a8,Biotique Bio Thyme Volume Conditioner For Fine & Thinning Hair,Biotique,Brand > Biotique,49,3.9,223,Low
68aae7645878702f74a0984c4a7f4f21,Palladio Velvet Matte Cream Lip Color - Suede,Palladio,Makeup > Lips > Liquid Lipstick,699,4,22,Medium
4d9a3ff7951c4fea10942ade607e7d38,The Face Shop Club Ryan Velvet Lip Tint - Graceful Rose,The Face Shop,Makeup > Lips > Liquid Lipstick,793,4.5,22,Medium
599d49f6c86c76e1bf18146a63f5af34,Organic Harvest Skin Lightening Face Wash,Organic Harvest,Natural > Shop By Concern > Skin Lightening,205,4.1,45,Low
5303428e979007f51b686a49d29e2917,Murad Essential-C Cleanser,Murad,Skin > Shop By Concern > Skin Brightening,990,4.8,6,Medium
f8fe805a206b0f782ae403f606523128,Rimmel London Lasting Matte Foundation - 001 Fair Porcelain,Rimmel London,Makeup > Face > Foundation,799,4.5,8,Medium
7da128a8e238e0db67e4ef2c07fedb40,Zerb Gold Moisturizing Gel,Zerb,Skin > Moisturizers > Face Moisturizer & Day Cream,250,5,1,Low
fd955ee3b5b39b7c28f4bcc3aa7141ae,Lime Crime Plushies Soft Matte Lipstick - Butterscotch,Lime Crime,Makeup > Lips > Liquid Lipstick,1900,5,22,High
bd03ea05a5c6302a10fe52b4d126820d,Parachute Advansed Olive & Almond Body Oil,Parachute,Natural > Types Of Skin > Dry Skin,74,4.3,12,Low
18901030656771890103000000300000000000LRLE77AIN,Liril Lemon & Tea Tree Soap Oil,Liril,Skin > Body Care > Soaps,32,4.4,34,Low
642768c887b2ba887816b38d5b4d429d,Lakme Absolute Argan Oil Serum Foundation SPF 45 - Cool Walnut,Lakme Absolute,Makeup > Face > Foundation,353,4.1,664,Low
77728fba1e361cc2b4c86217351d7bd2,Just Herbs Ayurvedic Soya Protein Dandruff Control Shampoo,Just Herbs,Hair > Shop By Concern > Color Protection,155,4.8,2,Low
3f6160e415ca983b8ae0e95b52e23183,Coco Soul Conditioner Hair + Scalp With Virgin King Coconut Oil,Coco Soul,Hair > Hair Care > Conditioner,719,3.9,15,Medium
84a9bbc12ad6423a61753671339985d1,Astaberry Neem & Aloe Face Wash With Lamon & Basil Extracts (60ml),Astaberry,Natural > Types Of Skin > Combination Skin,75,4.2,7,Low
18901030685191890103000000300000000000LCRP100IN,Lakme True Wear Color Crush - 04,Lakme,Makeup > Nails > Nail Polish,170,4.1,444,Low
6848fb2c83b0af6885b36531a8f60c22,Too Faced Melted Matte Lipstick - Bend & Snap!,Too Faced,Nan,1600,4.6,150,High
e74fad5f7158b5ac5669f4703e605fb4,Lime Crime Lip Blaze Cream Liquid Lipstick - Herb,Lime Crime,Makeup > Lips > Liquid Lipstick,1900,4.5,11,High
c641fb7955e619fe046effe6c0817649,The Body Care Peach Cream,The Body Care,Skin > Shop By Concern > Sun Protection,89,3.9,4,Low
18901030685191890103000000300000000000LCRP100IN,Lakme Absolute Spotlight Eye Shadow Palette - Stilettos,Lakme,Makeup > Combos @ Nykaa,995,4.4,47,Medium
3fc2fc49e38c74c2351092bde9f86fa3,Sulwhasoo First Care Activating Serum,Sulwhasoo,Nykaa Luxe > Shop By Concern > Anti-Ageing,1665,4.5,84,High
d39a482011e096e8af8d02c39a770801,Olivia Shiner Bleach,Olivia,Skin > Masks > Masks & Peels,80,4.2,19,Low
5934995467eec9dcd0597338f8a35bc3,Carolina Herrera Bad Boy Eau De Toilette,Carolina Herrera,Nan,4500,4.3,3,High
92ba9135ac78e742ac259b01d1ad5570,Faces Canada Ultime Pro Matte Mini Lip Crayon with Free Sharpener - I Am Your's 08,Faces Canada,Makeup > Lips > Lip Crayon,494,4.3,344,Low
b1842996d1acb094c177fdeef5910301,Skin Secrets Papaya Facial Kit Free Gulab Neer 100ml,Skin Secrets,Natural > Types Of Skin > Dry Skin,240,3.7,1,Low
cbc793677dd491dc879d4d28f8dab9d0,Himalaya Stretch Mark Cream For Moms,Himalaya,Skin > Body Care > Lotions & Creams,150,3.9,8,Low
18901030685191890103000000300000000000LCRP100IN,Lakme Peach Milk Moisturiser SPF 24 PA++,Lakme,Skin > Body Care > Lotions & Creams,125,4.4,1470,Low
718a642688cf9ffad6e98bda4b872b58,Nykaa Skin Potion Anti-Pollution Facial Oil,Nykaa Naturals,Skin > Shop By Concern > Skin Brightening,524,4.2,2432,Medium
8a153370da6f60a9c3415a4fe7d922b8,Nykaa Home Safe - Disinfectant Floor Cleaner - Floral,Nykaa Naturals,Brand > Nykaa Naturals,139,4.3,27,Low
1656d3f66242ff420f8c1cd903b4c792,Wet n Wild Rebel Rose MegaLast Liquid Catsuit High Shine Liquid Lipstick - Bud Romance,Wet N Wild,Makeup > Lips > Liquid Lipstick,499,3.6,8,Low
453339f1c61f052c4763be98fe8e21bf,Issey Miyake L'Eau Super Majeure D'Issey Eau De Toilette,Issey Miyake,Fragrance > Gifts @ Nykaa,3115,5,0,High
20732b964f69b87df5fa8f50ae337b35,Trichup Healthy - Long & Strong Neem Heena & Aloe Vera Hair Shampoo,Trichup,Natural > Shop By Concern > Hairfall,85,4.7,32,Low
6ac07703f92ef66fe348cff81e65a9d1,Forest Essentials Soundarya Radiance Cream With 24K Gold SPF25,Forest Essentials,Nykaa Luxe > Skin > Face > Sunscreen,1595,4.2,310,High
21071cc1f2597b8611ca7bf73af018e7,Smashbox Always On Liquid Lipstick - Gula-Bae,Smashbox,Makeup > Lips > Liquid Lipstick,2100,4.4,1192,High
f9dd05d9f68bbe8c8b3078e9bf6df65c,MESMARA Sesame Oil,Mesmara,Nan,212,4.7,4,Low
4b4ad5e62117ca244e00c91cf79e789e,Lotus Herbals Safe Sun Block Cream SPF 30 PA++ (Indian Summer Formula),Lotus Herbals,Natural > Types Of Skin > Dry Skin,225,4.3,258,Low
be0ee0484baf5fedc635c33ed15d2aed,Dr. Sheth's Basic Brightening Youth Glotion,Dr. Sheth'S,Skin > Shop By Concern > Skin Brightening,850,5,14,Medium
296a168244d493ec245686497c19a7ba,L'Occitane Amande Concentre De Lait Milk Concentrate With Almond Milk,L'Occitane,Nan,1050,4.8,0,Medium
ad442a86c908d0c243205b21bc45abc7,Daily Life Forever52 Air Foundation SPF 20 - AFD005,Daily Life Forever52,Makeup > Face > Foundation,850,3.9,9,Medium
7e5b9a46329057194cdde018a35e0137,Incolor Exposed Studio Skin Concealer - 5,Incolor,Makeup > Eyes > Under Eye Concealer,275,3.9,2,Low
6b163a3de253aa623d26ef05b6ffd249,Closeup Nature Boost Anti Germ Mouthwash,Close-Up,Natural > Body Care > Oral Care,105,4.4,9,Low
3ed57b335cbfea416e88c7ef63c6098a,Chambor Eyebrow Pencil - Dark Brown #02,Chambor,Makeup > Eyes > Eye Brow Enhancers,595,4.6,12,Medium
caf7f9e48f698921dbd4b216bfd7922a,theBalm Shadow And Blush - CabanaBoy,Thebalm,Makeup > Makeup Kits > Eye Palettes,1799,4.4,44,High
a9f0efd23c20338908f52a330f014bcf,Denver Black Code Soap for Men,Denver,Skin > Body Care > Soaps,45,4.3,15,Low
87f282c0f25621dd2f78f3c3caad9331,The Moms Co. Natural Vita Rich Face Serum (8 ml),The Moms Co.,Skin > Moisturizers > Serums & Essence,249,4.1,51,Low
1587dae62ed857fb397ca039125c4ac1,Astaberry Oxy + Bleach Creme,Astaberry,Natural > Types Of Skin > Combination Skin,75,4.2,3,Low
4432406fa34344aec70a8a89d4e5c640,Kay Beauty Metallic Lip Highlighter - Cover Girl,Kay Beauty,Makeup > Lips > Liquid Lipstick,594,4,274,Medium
3a6684e3a584d25f731f13c05284fc67,Godrej Protekt Germ Protection Hand Sanitizer,Godrej Protekt,Personal Care > Hands & Feet > Hand Sanitizer,25,4.4,70,Low
abf377218604a1ddd3e61fd4600001ad,Nykaa BlendMaster All-rounder Makeup Perfecting Sponge Beauty Blender - Green,Nykaa Cosmetics,Makeup > Tools & Brushes > Sponges & Applicators,361,4.2,1024,Low
6c0894c01473c3d16bc8c1b296901580,Ponds Moisturising Cold Cream,Ponds,Personal Care > Face > Moisturizer,89,4.5,316,Low
bf87bc8f2ae088813269218c0bef1e22,Nature's Essence Gold Bleach with Free Aloevera Gel Worth 10/-,Nature'S Essence,Natural > Types Of Skin > Normal Skin,53,4.2,73,Low
8c8f9aca137eb6a99dc0007faeae7f9a,The Moms Co. Natural Vita Rich Face Cream (25 ml),The Moms Co.,Natural > Shop By Concern > Pigmentation,314,4.1,20,Low
1be8b4283d6fbfc706ba2279002fc785,The Moms Co. Tear-Free Natural Baby Shampoo with Organic Argan and Moringa Oils,The Moms Co.,Personal Care > Bath & Shower > Shampoo,393,4.3,170,Low
ce8e085f6e6a0f4153861f8928e204a4,Jaquline USA Matte Stick Velvet Matte Lipstick - Boss Girl,Jaquline Usa,Makeup > Lips > Lipstick,325,4,16,Low
1e2394ad0fa57b3af03f0a112be365fc,Bobbi Brown Extra Illuminating Moisture Balm - Bare Glow,Bobbi Brown,Makeup > Face > Bb & Cc Cream,7900,4.5,13,High
dbd95d9ccb304445bb727ff6a1b5093c,Aroma Magic Neem & Tea Tree Face Wash Acne Control & Oil Balancing (Oily Skin),Aroma Magic,Natural > Trending Searches > Tea Tree Oil,95,4.3,2564,Low
fbe59721a5e29ad76fc386eb1e4270ef,Biotique Bio Papaya Revitalizing Tan removal Scrub,Biotique,Skin > Cleansers > Scrubs & Exfoliators,75,4.4,8513,Low
ea5c4e9addb44f04472d6666223034dd,Garnier Wrinkle Lift Anti-Ageing Cream,Garnier,Skin > Eye Care > Dark Circles & Wrinkles,150,4.4,1907,Low
fd5717a600e1a7eb9d43e551bec79b38,Bombay Shaving Company Charcoal Face Pack,Bombay Shaving Company,Nan,139,4.5,7,Low
c304773b172f576d7d957d740600590e,Big Muscles Nutrition Quick Mass Malt Chocolate Powder,Big Muscles,Health & Wellness > Weight Management > Weight Gain,1020,4.8,0,Medium
ce7cd26fb3a7c5102fb6f56364251309,Richfeel Luxury Gold Bleach Kit - 28g,Richfeel,Natural > Types Of Skin > Normal Skin,67,4,23,Low
3b98a5809c74eabd685056d6c1fc47a9,Durex Extended Pleasure,Durex,Men'S Store > Wellness > Sexual Wellness,180,4,3,Low
c45c0847ebd8b7c4e33a2771bdca8d78,Rimmel London Lasting Finish 25 Hour Foundation - Natural Beige,Rimmel London,Makeup > Face > Foundation,750,4.1,34,Medium
7cea3e382b465acd40850c6bd03ffa76,Zerb Fresh Lemon Face Scrub,Zerb,Skin > Shop By Concern > Pore Care,299,5,0,Low
18901030728867890103000000300000000000VHWF1R8IN,Vaseline Healthy Bright Sun + Pollution Protection Body Lotion SPF 30,Vaseline,Skin > Sun Care > Body Sunscreen,135,4.4,294,Low
fcb5b64663688ccdbfa34c3617b64588,Masaba By Nykaa Lipstick - Touch Me Not,Nykaa Cosmetics,Makeup > Lips > Lipstick,449,4.2,2256,Low
426643704ebc835a683b76c78d05ea4c,Guerlain Parure Gold Precious Light Concealer - 02 Precious Light,Guerlain,Makeup > Face > Concealer,3250,4.5,1,High
f8121ca498c237d5241b19d7d8604a89,Gatsby Styling Hair Cream Hard Setting - Neat & Arrange,Gatsby,Hair > Hair Styling > Gels & Waxes,80,4.2,7,Low
a16e2eaa8fcb13ed27f79b8eb7705166,O3+ Brightening & Whitening Face Wash,O3+,Skin > Shop By Concern > Skin Brightening,650,4.2,48,Medium
7bc1f06a82c449e78f8d8b540088dbc7,Himalaya Herbals Dryness Defense Detangler And Conditioner (100ml),Himalaya,Natural > Shop By Concern > Dry & Frizzy Hair,90,4.2,135,Low
ebdfe66af7dee6e029f7b913b2a350f3,Spawake Pimple Solution Refreshing Face Wash,Spawake,Skin > Shop By Concern > Oil Control,82,4.2,35,Low
23d041e478624d9263254481d90773ba,QUINOAPLEX R3 Rapid Hair Renewal Formula,Quinoaplex R3,Natural > Shop By Concern > Hairfall,3999,4,1,High
79e976c48eda4027f0f4b03fff577533,M.A.C Lustre Lipstick - Touch,M.A.C,Nan,1700,4.4,101,High
380859349bcd3b48b6ca1a1b845d5126,Gucci Guilty Eau De Toilette For Him,Gucci,Nan,5400,5,0,High
74a59b54496922f52b538d573633dff7,Forest Essentials Hair Conditioner - Bhringraj & Shikakai (Travel Mini),Forest Essentials,Natural > Shop By Concern > Hairfall,350,4.4,100,Low
7d28fe12edafeaacbf663861d012d5d0,Burberry My Burberry Eau De Toilette,Burberry,Nykaa Luxe > Fragrance > Perfumes (Edp/Edt),3680,5,1,High
78de84195c926351c22cbd457d9d9f3a,Makeup Revolution Luxury Baking Powder - Terracotta,Makeup Revolution,Makeup > Face > Compact,850,3.9,24,Medium
0261186cfbfe3041c88fbab962ce6625,Richfeel Hair Conditioner,Richfeel,Natural > Hair > Conditioner,220,3.6,4,Low
59b38e15e3b5a371be0ccadea37da772,L'Oreal Paris Color Riche Moist Matte Lipstick - 248 Flatter Me Nude,L'Oreal Paris,Makeup > Lips > Lipstick,375,4.3,2175,Low
d0f197749c94dd70df643703e649c1f8,Incolor Exposed Better Skin Matte Foundation - 2,Incolor,Makeup > Face > Foundation,295,4.4,1,Low
718a642688cf9ffad6e98bda4b872b58,Nykaa Skin Potion Anti-Pollution Facial Oil,Nykaa Naturals,Natural > Aromatherapy > Essential Oils,524,4.2,2459,Medium
bd938139a2abed05f8adb4c777408bf5,Kama Ayurveda Cold Pressed Organic Neem Oil,Kama Ayurveda,Skin > Moisturizers > Face Oils,315,4.4,125,Low
df491bbe99958f73ae08f65febbe183e,Himalaya Anti-Hair Fall Shampoo With Bhringaraja,Himalaya,Brand > Himalaya,74,4.2,654,Low
6e60153dd5ad80d654d16faecdc2c334,Nykaa Matte to Last! Mini Metallic Liquid Lipstick and Eyeshadow - Firework,Nykaa Cosmetics,Makeup > Lips > Liquid Lipstick,249,3.9,63,Low
0419250ea105a0b2e77d86a625b26a4f,Neemli Naturals Glycolic Acid & Hydrolysed Collagen Pit Repair Concentrate,Neemli Naturals,Natural > Shop By Concern > Pigmentation,675,4.5,11,Medium
dd20f21f3906b29e73413d0435bc502d,Nykaa Sealed with a Kiss! Lipstick Palette - Girl Boss 01,Nykaa Cosmetics,Makeup > Makeup Kits > Face Palettes,650,4.1,1189,Medium
603c432db23638865c00000bf14342f3,Organic Harvest Hand Wash with Goodness of Alcohol and Tea Tree,Organic Harvest,Personal Care > Hands & Feet > Handwash,115,3,2,Low
d07c204d64ca80bf7b95cf144efdaa7e,Olivia Oxygen Bleach,Olivia,Skin > Kits & Combos > Combos @ Nykaa,80,4.2,4,Low
96b194fb980ef1f505088391c4eadf91,Forest Essentials Soundarya Ultra Rich Body Milk With 24 Karat Gold & SPF 25,Forest Essentials,Skin > Body Care > Lotions & Creams,575,3.7,1,Medium
82802fa6ef12a43a7091089d5a66ebab,Miss Claire Shimmer Dust - 13,Miss Claire,Makeup > Eyes > Eye Shadow,295,4.2,40,Low
f01f03b08350e6d7a6f1b21f3badee0f,Clinique Moisture Surge CC Cream Hydrating Colour Corrector Broad Spectrum SPF 30 - Medium,Clinique,Skin > Moisturizers > Bb & Cc Cream,3850,3.7,19,High
1f4dce9649d4773b50ec700ef3bbb1a0,Too Faced Better Than Sex Mascara Travel Size - Black,Too Faced,Makeup > Eyes > Mascara,1050,4.5,265,Medium
74d3d4e95b8f566511782b34f847641d,The Moms Co. Natural Baby Lotion,The Moms Co.,Personal Care > Body > Lotions & Creams,393,4.5,177,Low
4dff56817b4f819fff5e5a32d172bc6c,Davidoff Cool Water Woman Wave Eau De Toilette,Davidoff,Fragrance > Women > Perfumes (Edt & Edp),2800,3,2,High
8b3728de21db03875ec09e5297709845,M.A.C Lipglass / Mini - Candy Box,M.A.C,Makeup > Lips > Lip Gloss,1050,4,145,Medium
6318c64bf65ba7bb16f26019a97e14e3,Himalaya Herbals Tan Removal Orange Face Wash,Himalaya,Skin > Cleansers > Face Wash,67,4.3,645,Low
8de8c32664f4f70a457550cad2745a65,Biotique Bio White Orchid Skin Whitening Body Lotion,Biotique,Nan,64,4.1,544,Low
93a934484d8cf2f3c5e977ceeca32187,Faces Canada Ultime Pro Matte Mini Lip Crayon with Free Sharpener - Midnight Rose 02,Faces Canada,Makeup > Combos @ Nykaa,439,4.3,344,Low
4e3de600ff30c62dc80e53b7a605b792,Spawake Whitening Fairness Gel Cream SPF15 PA++,Spawake,Skin > Moisturizers > Face Moisturizer & Day Cream,129,3.9,5,Low
ad1252615de60176db2218964f1d0389,Burberry Brit For Her Eau De Parfum,Burberry,Nan,3400,5,2,High
a65198c4bfe554e24d0bfee85dbe1f60,Lotus Herbals Tea Tree & Cinnamon Anti-acne Oil Control Face Wash,Lotus Herbals,Natural > Trending Searches > Tea Tree Oil,140,4.5,397,Low
afef5dcb0f7569900cef85484dec383e,Kama Ayurveda Sensitive Skin Cleansing Foam With Sandalwood & Aloe Vera,Kama Ayurveda,Nykaa Luxe > Shop By Concern > Oil Control,795,4.2,41,Medium
fe33d560a358bc981675ab735de6f162,Maybelline New York Color Sensational The Loaded Bolds Lipstick - 08 Sunny Coral,Maybelline New York,Makeup > Lips > Lipstick,238,4.4,1522,Low
08901030701788890103000000300000000000TRPB1R3IN,Tresemme Botanique Nourish & Replenish Shampoo,Tresemme,Personal Care > Bath & Shower > Shampoo,130,4.3,1357,Low
8ceb1264c220af733ee18902de2e82f9,Revolution Pro Supreme Lipstick - Haywire,Revolution Pro,Makeup > Lips > Lipstick,348,3.7,6,Low
8d2a7bd74e83d0159c983bd896f60d7a,Aveda Wooden Paddle Brush,Aveda,Hair > Tools & Accessories > Hair Brushes,2050,4.7,11,High
7a59dcb702c5dfa97f539d9bbba46ddd,Paco Rabanne Lady Million Prive Eau De Parfum,Paco Rabanne,Nan,4219,4.2,1,High
45cbf6c79386505e6d6215e4d7ce9978,Dhathri Dheedi Anti-Hair Fall For Controlling Hair Fall Naturally Herbal Shampoo,Dhathri,Personal Care > Bath & Shower > Shampoo,98,4.3,4,Low
445b2a2c037a252acc2e06d76518d0d4,Pahadi Local Gutti Ka Tel (Apricot Kernel Oil),Pahadi Local,Skin > Body Care > Massage Oils,775,4.9,2,Medium
e138d5f8ab35638b5af8ba80410fe95a,PRADA L'Homme Intense Eau De Parfum,Prada,Fragrance > Men > Perfumes (Edt & Edp),3559,5,0,High
0a2f676c70d6769d8d0f1b6e03f0025c,SSCPL Herbals Keshkalap Advanced Sesame Hair Oil,Sscpl Herbals,Nan,240,4.7,2,Low
4133f93c0d055cae1573d9a4e3559a25,Aveda Dry Remedy Moisturizing Conditioner,Aveda,Hair > Hair Care > Conditioner,950,4.9,4,Medium
2ee76507207b69d63d2368d9b934accb,Wild Stone Hydra Energy Spray Eau De Parfum,Wild Stone,Nan,509,4.3,69,Medium
d4277ea174bf69fd6b781c3d8e7b10e6,Herbal Me Dark Blonde Henna Hair Color - Dark Blonde,Herbal Me,Hair > Shop By Concern > Color Protection,450,4.1,15,Low
1a7edb4f3f0709b6776bd1a54084df85,Clinique Moisture Surge 72-Hour Auto-Replenishing Hydrator Mini,Clinique,Nykaa Luxe > Skin > Face > Moisturisers,890,4.4,4203,Medium
3e8c19d43e41e12d9089dc9abf33e515,Lotus Herbals Baby + Tender Touch Baby Body Lotion,Lotus Herbals,Brand > Lotus Herbals,165,4.7,12,Low
19afa069893b40a87c454f3462088624,Givenchy Rouge Interdit Rouge - 10 Boyish Rose,Givenchy,Makeup > Lips > Lipstick,2750,4.4,2,High
75444cec5d544c9219cce378efd65f65,Nykaa Gold Rush Nail Lacquer - Flicker Gold 114,Nykaa Cosmetics,Makeup > Nails > Nail Polish,199,4.5,411,Low
18901030707725890103000000300000000000DVQF2R1IN,Dove Hair Fall Rescue Shampoo,Dove,Nan,110,4.3,686,Low
ce0f0e5021a1a8119059075ef50de86b,Skin Secrets Cucumber Facial Gel,Skin Secrets,Natural > Types Of Skin > Combination Skin,204,3.7,1,Low
1c4201b5a2d02918abd00951ab020d3e,Aroma Treasures Tea Tree Face Wash,Aroma Treasures,Natural > Shop By Concern > Acne Treatment,240,4.1,48,Low
8eb8e41060ba9295b7f30c965b68d2e6,Kenzo World Eau De Parfum,Kenzo,Fragrance > Women > Perfumes (Edt & Edp),4425,4,1,High
97e169c17f7d3e5c6c24a1a105132507,Kiehl's Men's Oil Eliminator 24 Hour Anti-Shine Moisturizer,Kiehl'S,Nykaa Luxe > Shop By Concern > Oil Control,2100,4.2,8,High
a7088b80157b24c4ec349c5613e54f6a,Ohria Ayurveda Saffron & Geranium Butter,Ohria Ayurveda,Natural > Skin > Under Eye Care,1310,4,1,Medium
a2021197b822edac90272418a470515d,The Hair Kitchen Enrich Hair Oil with Jasmin Extracts,The Hair Kitchen,Natural > Hair > Hair Oil,400,5,1,Low
18901030685191890103000000300000000000LCRP100IN,Lakme 9 to 5 Naturale CC Cream SPF 30 PA++ - Bronze,Lakme,Brand > Lakme,375,4.2,381,Low
a088730f6d7352f64756b26e4de1ba1e,Moha Herbal Face Wash,Moha,Nan,56,4.1,45,Low
75312d6220d260eb5da62a7f141a2b77,Clinique Dramatically Different Hydrating Jelly Mini,Clinique,Nykaa Luxe > Skin > Face > Moisturisers,890,4.2,128,Medium
5a983b899dbe450ffbcc43af7e0149ee,Himalaya Herbals Refreshing Cleansing Milk,Himalaya,Brand > Himalaya,84,4.3,1140,Low
b1f874e953b1ccbfd91098723fe56bc8,Bioderma Sebium H2O Micellaire Water,Bioderma,Nfba 2020 Nominees Online Sale,750,4.2,80,Medium
7db3d23a97984a45d879596f22dca075,Faces Canada Epic Lip Balm - Vanilla 03,Faces Canada,Makeup > Lips > Lip Balm,179,4,239,Low
288cef91a0c51eca48a45d99259e7049,Nykaa Get Cheeky! Blush Duo Palette - Cali Chick 02,Nykaa Cosmetics,Makeup > Combos @ Nykaa,629,4.4,1087,Medium
baff6003970ee77fbdb793ca81dcf3b9,Makeup Revolution Cheek Kit - Fresh Perspective,Makeup Revolution,Makeup > Face > Bronzer,800,4.3,92,Medium
46a325dbb0f93149e6202e339b9e7e56,Max Care Virgin Coconut Oil (Cold Pressed),Max Care,Hair > Shop By Concern > Dry & Frizzy Hair,220,4.6,68,Low
5357445d70d5722066b00be9b96ad43b,Nykaa Naturals Citronella Essential Oil,Nykaa Naturals,Brand > Nykaa Naturals,280,4.2,7483,Low
8afc639447b07af49d440e3bf690e1c3,Charlotte Tilbury Charlotte's Magic Cream,Charlotte Tilbury,Skin > Moisturizers > Face Moisturizer & Day Cream,5650,4,7,High
30e44a225f4e6dd2f06749326bc990ff,Charlotte Tilbury Lip Cheat - Hot Gossip,Charlotte Tilbury,Makeup > Lips > Lip Liner,2200,3.9,5,High
a5c8769a02e6ef77383563eba531664d,Vaadi Herbals Pedicure - Manicure Spa Kit Soothing & Relaxing,Vaadi Herbals,Skin > Shop By Concern > Skin Dryness,265,4.2,420,Low
dd0728751920d389cdcef202bc5b15de,Zerb Almond Nourishing Cream,Zerb,Skin > Moisturizers > Face Moisturizer & Day Cream,299,5,1,Low
09d3b448a24a9e097b04ed0f871073a5,MESMARA Citronella Essential Oil,Mesmara,Natural > Aromatherapy > Essential Oils,349,3,0,Low
2f35a3b71b61319f44ce520ddb8f15bf,Vaadi Herbals Lychee Lip Therapy,Vaadi Herbals,Natural > Makeup > Lip Balm & Gloss,48,4.4,612,Low
38235bada4e5c0ff221960e32499b89c,Aroma Treasures Lavender Face Wash,Aroma Treasures,Natural > Types Of Skin > Normal Skin,240,4.1,13,Low
b65b0fecf6bc9116a509dcb399cb88b4,Vaadi Herbals Dandruff Defense Lemon Shampoo With Corn Rose Conditioner,Vaadi Herbals,Natural > Trending Searches > Tea Tree Oil,128,4.3,4,Low
1ca895c8e54d0c01605b1e559a794ad2,Inner Sense Organic Antimicrobial Soft Nursing Bra Combo of 2 - Black (32B),Inner Sense,Mom & Baby > Maternity Wear > Maternity Bra,1498,3,0,Medium
6c42ec1a5bd5a2ce0eb560dd164897b8,Kiehl's Facial Fuel Energizing Moisture Treatment for Men SPF 19,Kiehl'S,Nykaa Luxe > Skin > Face > Moisturisers,3100,5,1,High
bbd6259b76efdfa363fe3983074af4bb,SUGAR Smudge Me Not Liquid Lipstick - 20 Cocoa Ammo,Sugar,Makeup > Lips > Liquid Lipstick,499,4.2,5642,Low
8dcc9f736d2ac35bcb8359cf45a55eba,Clean & Clear Morning Energy Berry Blast Face Wash,Clean & Clear,Personal Care > Face > Facewash,80,4.6,59,Low
ad673db4c998bbb622ac079eb0c9dc2f,NIVEA Oil-in-Lotion Tender Coconut & Tiare Oil Body Lotion,Nivea,Brand > Nivea,169,4.4,126,Low
46a325dbb0f93149e6202e339b9e7e56,Max Care Virgin Coconut Oil (Cold Pressed),Max Care,Skin > Moisturizers > Face Oils,220,4.6,68,Low
dbd649d4c04857e41272b43b621aa091,Himalaya Herbals Nourishing Face Moisturizing Lotion,Himalaya,Nan,75,4.4,209,Low
a908b31d1f5de8ee26f38a270eb6b4e6,Himalaya Men Daily Nourish Hair Cream,Himalaya,Brand > Himalaya,41,4.5,0,Low
1a6d87dc067f498af54b4b03fdc31889,Nykaa Metal Addict Makeup Bag - Pinktastic!,Nykaa Cosmetics,Makeup > Tools & Brushes > Makeup Pouches,270,3.8,1009,Low
5085ba6c6e55153197da3b7baca30640,Joy Pure Aloe Multi-Benefit Body Lotion,Joy,Skin > Body Care > Lotions & Creams,195,4.4,17,Low
18901030685191890103000000300000000000LCRP100IN,Lakme 9 To 5 Pure Rouge Blusher - Coral Punch,Lakme,Makeup > Face > Blush,500,4.2,512,Medium
ec5e34500114440a135349d3977f0512,NIVEA Soft Light Moisturizing Cream Tropical Fruit Fragrance,Nivea,Personal Care > Hands & Feet > Hand Creams,85,4.4,558,Low
25883da540d236950b64f2c29fc965a6,Ponds Light Moisturiser Non-Oily Fresh Feel With Vitamin E + Glycerine,Ponds,Skin > Moisturizers > Face Moisturizer & Day Cream,120,4.4,2272,Low
4452adf35cb307a3a0b6a8a0da2e65fa,VLCC Insta Glow Oxygen Bleach,Vlcc,Natural > Skin > Cleanser,99,4.2,242,Low
f2a499d73cb52218b1886280d3b5bfb5,Matrix Biolage Colorlast Color Protecting Shampoo,Matrix,Personal Care > Bath & Shower > Shampoo,205,4.3,130,Low
0151305201986bd68fb9bab9c16337d6,Maybelline New York Baby Lips Color Candy Rush Lip Balm - Cotton Candy,Maybelline New York,Makeup > Lips > Lip Balm,190,4.4,157,Low
9f0f38d25dc18f93a15796c74afabb95,VLCC Spf 30 Pa+++ Cocoa Butter Detan Glow Body Lotion (Buy 1 Get 1 Free),Vlcc,Skin > Body Care > Lotions & Creams,399,4.2,25,Low
62a68cd49e6b8474d041884a2f2e4283,Physicians Formula The Healthy Foundation SPF 20 - MW2 Medium Warm 2,Physicians Formula,Makeup > Face > Foundation,1200,4.6,19,Medium
1ad885558d61ed6f63a2345519ae5015,APS Cosmetofood Exfoliating Olive Scrub,Aps Cosmetofood,Natural > Shop By Concern > Tan Removal,600,4.5,3,Medium
fe19790da9d93ff9f431a4b56320f3b4,Jovees Fairness Lotion Water Resistant Sun Screen SPF 25,Jovees,Natural > Types Of Skin > Combination Skin,274,4.5,29,Low
bd42c66c19c1d7d21c57ef4362b99b36,Ralph Lauren Polo Red Intense Eau De Parfum,Ralph Lauren,Nan,4900,5,1,High
f8d07d195abcf8adad9bc744e305876e,Orly Breathable Treatment + Color Nail Lacquer - Stronger Than Ever - Red Shimmer,Orly,Makeup > Nails > Nail Polish,1000,3.5,2,Medium
295daff50e8e854436fc7ea91816590a,BOLLYGLOW Concealer + Corrector Masala - Cocoa,Bollyglow,Makeup > Eyes > Under Eye Concealer,665,3.3,2,Medium
43a298f6fb694f35826da3b2fe726168,L.A. Girl Eye Lux Mesmerizing Eyeshadow - Tropicalize,L.A. Girl,Makeup > Makeup Kits > Eye Palettes,675,4.3,110,Medium
3a5247720e93fd276bd6a797adf7629b,M.A.C Veluxe Pearl Eye Shadow (Pro Palette Refill Pan) - Coppering,M.A.C,Makeup > Makeup Kits > Customize Your Palette,1100,4.9,12,Medium
